{
  "dataset_revision": "d243889a3eb6654029dbd7e7f9319ae31d58f97c",
  "task_name": "Ko-StrategyQA",
  "mteb_version": "2.8.4",
  "scores": {
    "dev": [
      {
        "ndcg_at_1": 0.76182,
        "ndcg_at_3": 0.7545,
        "ndcg_at_5": 0.78372,
        "ndcg_at_10": 0.79982,
        "ndcg_at_20": 0.80679,
        "ndcg_at_100": 0.81442,
        "ndcg_at_1000": 0.82284,
        "map_at_1": 0.49595,
        "map_at_3": 0.71511,
        "map_at_5": 0.74525,
        "map_at_10": 0.75576,
        "map_at_20": 0.75893,
        "map_at_100": 0.7604,
        "map_at_1000": 0.76079,
        "recall_at_1": 0.49595,
        "recall_at_3": 0.76143,
        "recall_at_5": 0.82092,
        "recall_at_10": 0.85963,
        "recall_at_20": 0.88024,
        "recall_at_100": 0.91352,
        "recall_at_1000": 0.96824,
        "accuracy": 0.49595,
        "precision_at_1": 0.76182,
        "precision_at_3": 0.4482,
        "precision_at_5": 0.29966,
        "precision_at_10": 0.15912,
        "precision_at_20": 0.08226,
        "precision_at_100": 0.01718,
        "precision_at_1000": 0.00184,
        "mrr_at_1": 0.761824,
        "mrr_at_3": 0.808277,
        "mrr_at_5": 0.812669,
        "mrr_at_10": 0.815498,
        "mrr_at_20": 0.816074,
        "mrr_at_100": 0.816795,
        "mrr_at_1000": 0.816951,
        "nauc_ndcg_at_1_max": 0.614025,
        "nauc_ndcg_at_1_std": 0.261642,
        "nauc_ndcg_at_1_diff1": 0.701575,
        "nauc_ndcg_at_3_max": 0.62098,
        "nauc_ndcg_at_3_std": 0.230317,
        "nauc_ndcg_at_3_diff1": 0.625084,
        "nauc_ndcg_at_5_max": 0.670088,
        "nauc_ndcg_at_5_std": 0.301985,
        "nauc_ndcg_at_5_diff1": 0.630233,
        "nauc_ndcg_at_10_max": 0.68538,
        "nauc_ndcg_at_10_std": 0.345319,
        "nauc_ndcg_at_10_diff1": 0.639936,
        "nauc_ndcg_at_20_max": 0.690072,
        "nauc_ndcg_at_20_std": 0.35771,
        "nauc_ndcg_at_20_diff1": 0.641621,
        "nauc_ndcg_at_100_max": 0.689052,
        "nauc_ndcg_at_100_std": 0.362032,
        "nauc_ndcg_at_100_diff1": 0.643541,
        "nauc_ndcg_at_1000_max": 0.677884,
        "nauc_ndcg_at_1000_std": 0.345518,
        "nauc_ndcg_at_1000_diff1": 0.642788,
        "nauc_map_at_1_max": 0.274606,
        "nauc_map_at_1_std": 0.001373,
        "nauc_map_at_1_diff1": 0.645894,
        "nauc_map_at_3_max": 0.567092,
        "nauc_map_at_3_std": 0.175638,
        "nauc_map_at_3_diff1": 0.615539,
        "nauc_map_at_5_max": 0.610415,
        "nauc_map_at_5_std": 0.225216,
        "nauc_map_at_5_diff1": 0.615778,
        "nauc_map_at_10_max": 0.620168,
        "nauc_map_at_10_std": 0.251409,
        "nauc_map_at_10_diff1": 0.620205,
        "nauc_map_at_20_max": 0.621862,
        "nauc_map_at_20_std": 0.256287,
        "nauc_map_at_20_diff1": 0.620396,
        "nauc_map_at_100_max": 0.622384,
        "nauc_map_at_100_std": 0.258096,
        "nauc_map_at_100_diff1": 0.621213,
        "nauc_map_at_1000_max": 0.621921,
        "nauc_map_at_1000_std": 0.257375,
        "nauc_map_at_1000_diff1": 0.621148,
        "nauc_recall_at_1_max": 0.274606,
        "nauc_recall_at_1_std": 0.001373,
        "nauc_recall_at_1_diff1": 0.645894,
        "nauc_recall_at_3_max": 0.638878,
        "nauc_recall_at_3_std": 0.234589,
        "nauc_recall_at_3_diff1": 0.59418,
        "nauc_recall_at_5_max": 0.749457,
        "nauc_recall_at_5_std": 0.394751,
        "nauc_recall_at_5_diff1": 0.595759,
        "nauc_recall_at_10_max": 0.811865,
        "nauc_recall_at_10_std": 0.547802,
        "nauc_recall_at_10_diff1": 0.622797,
        "nauc_recall_at_20_max": 0.859455,
        "nauc_recall_at_20_std": 0.63551,
        "nauc_recall_at_20_diff1": 0.636328,
        "nauc_recall_at_100_max": 0.901394,
        "nauc_recall_at_100_std": 0.750433,
        "nauc_recall_at_100_diff1": 0.646077,
        "nauc_recall_at_1000_max": 0.916075,
        "nauc_recall_at_1000_std": 0.879498,
        "nauc_recall_at_1000_diff1": 0.662774,
        "nauc_precision_at_1_max": 0.614025,
        "nauc_precision_at_1_std": 0.261642,
        "nauc_precision_at_1_diff1": 0.701575,
        "nauc_precision_at_3_max": 0.402447,
        "nauc_precision_at_3_std": 0.281267,
        "nauc_precision_at_3_diff1": 0.014747,
        "nauc_precision_at_5_max": 0.331293,
        "nauc_precision_at_5_std": 0.309578,
        "nauc_precision_at_5_diff1": -0.082389,
        "nauc_precision_at_10_max": 0.277544,
        "nauc_precision_at_10_std": 0.336957,
        "nauc_precision_at_10_diff1": -0.132946,
        "nauc_precision_at_20_max": 0.237664,
        "nauc_precision_at_20_std": 0.332827,
        "nauc_precision_at_20_diff1": -0.166966,
        "nauc_precision_at_100_max": 0.175416,
        "nauc_precision_at_100_std": 0.313627,
        "nauc_precision_at_100_diff1": -0.225287,
        "nauc_precision_at_1000_max": 0.023622,
        "nauc_precision_at_1000_std": 0.203614,
        "nauc_precision_at_1000_diff1": -0.351639,
        "nauc_mrr_at_1_max": 0.614025,
        "nauc_mrr_at_1_std": 0.261642,
        "nauc_mrr_at_1_diff1": 0.701575,
        "nauc_mrr_at_3_max": 0.701277,
        "nauc_mrr_at_3_std": 0.3518,
        "nauc_mrr_at_3_diff1": 0.695926,
        "nauc_mrr_at_5_max": 0.702635,
        "nauc_mrr_at_5_std": 0.367677,
        "nauc_mrr_at_5_diff1": 0.695743,
        "nauc_mrr_at_10_max": 0.702514,
        "nauc_mrr_at_10_std": 0.37052,
        "nauc_mrr_at_10_diff1": 0.699126,
        "nauc_mrr_at_20_max": 0.70173,
        "nauc_mrr_at_20_std": 0.369437,
        "nauc_mrr_at_20_diff1": 0.698954,
        "nauc_mrr_at_100_max": 0.700802,
        "nauc_mrr_at_100_std": 0.368443,
        "nauc_mrr_at_100_diff1": 0.69885,
        "nauc_mrr_at_1000_max": 0.700592,
        "nauc_mrr_at_1000_std": 0.368135,
        "nauc_mrr_at_1000_diff1": 0.698855,
        "cv_recall_at_1": 0.76182,
        "cv_recall_at_3": 0.86486,
        "cv_recall_at_5": 0.88345,
        "cv_recall_at_10": 0.90372,
        "cv_recall_at_20": 0.91216,
        "cv_recall_at_100": 0.94426,
        "cv_recall_at_1000": 0.98649,
        "main_score": 0.79982,
        "hf_subset": "default",
        "languages": [
          "kor-Hang"
        ]
      }
    ]
  },
  "evaluation_time": 70.33807849884033,
  "kg_co2_emissions": null
}