{
  "dataset_revision": "fc4624be978945a0ceebbc4b85737258fe26330b",
  "task_name": "XPQARetrieval",
  "mteb_version": "2.8.4",
  "scores": {
    "test": [
      {
        "ndcg_at_1": 0.29817,
        "ndcg_at_3": 0.32584,
        "ndcg_at_5": 0.34836,
        "ndcg_at_10": 0.38154,
        "ndcg_at_20": 0.40407,
        "ndcg_at_100": 0.45425,
        "ndcg_at_1000": 0.47953,
        "map_at_1": 0.20907,
        "map_at_3": 0.29453,
        "map_at_5": 0.31259,
        "map_at_10": 0.32943,
        "map_at_20": 0.33656,
        "map_at_100": 0.34427,
        "map_at_1000": 0.34542,
        "recall_at_1": 0.20907,
        "recall_at_3": 0.34778,
        "recall_at_5": 0.40398,
        "recall_at_10": 0.49478,
        "recall_at_20": 0.57337,
        "recall_at_100": 0.81863,
        "recall_at_1000": 1.0,
        "accuracy": 0.20907,
        "precision_at_1": 0.29817,
        "precision_at_3": 0.18145,
        "precision_at_5": 0.12813,
        "precision_at_10": 0.07859,
        "precision_at_20": 0.04572,
        "precision_at_100": 0.01306,
        "precision_at_1000": 0.00156,
        "mrr_at_1": 0.298165,
        "mrr_at_3": 0.349388,
        "mrr_at_5": 0.361315,
        "mrr_at_10": 0.372384,
        "mrr_at_20": 0.377854,
        "mrr_at_100": 0.383476,
        "mrr_at_1000": 0.384272,
        "nauc_ndcg_at_1_max": 0.175897,
        "nauc_ndcg_at_1_std": -0.309667,
        "nauc_ndcg_at_1_diff1": 0.533937,
        "nauc_ndcg_at_3_max": 0.180172,
        "nauc_ndcg_at_3_std": -0.295134,
        "nauc_ndcg_at_3_diff1": 0.479108,
        "nauc_ndcg_at_5_max": 0.170695,
        "nauc_ndcg_at_5_std": -0.310759,
        "nauc_ndcg_at_5_diff1": 0.475745,
        "nauc_ndcg_at_10_max": 0.178331,
        "nauc_ndcg_at_10_std": -0.309093,
        "nauc_ndcg_at_10_diff1": 0.483996,
        "nauc_ndcg_at_20_max": 0.186426,
        "nauc_ndcg_at_20_std": -0.296842,
        "nauc_ndcg_at_20_diff1": 0.478448,
        "nauc_ndcg_at_100_max": 0.209625,
        "nauc_ndcg_at_100_std": -0.250366,
        "nauc_ndcg_at_100_diff1": 0.476698,
        "nauc_ndcg_at_1000_max": 0.194282,
        "nauc_ndcg_at_1000_std": -0.280103,
        "nauc_ndcg_at_1000_diff1": 0.481752,
        "nauc_map_at_1_max": 0.13605,
        "nauc_map_at_1_std": -0.276423,
        "nauc_map_at_1_diff1": 0.542498,
        "nauc_map_at_3_max": 0.181499,
        "nauc_map_at_3_std": -0.289938,
        "nauc_map_at_3_diff1": 0.480562,
        "nauc_map_at_5_max": 0.176845,
        "nauc_map_at_5_std": -0.304505,
        "nauc_map_at_5_diff1": 0.479051,
        "nauc_map_at_10_max": 0.178436,
        "nauc_map_at_10_std": -0.306328,
        "nauc_map_at_10_diff1": 0.48182,
        "nauc_map_at_20_max": 0.180539,
        "nauc_map_at_20_std": -0.304292,
        "nauc_map_at_20_diff1": 0.48114,
        "nauc_map_at_100_max": 0.183421,
        "nauc_map_at_100_std": -0.297488,
        "nauc_map_at_100_diff1": 0.480925,
        "nauc_map_at_1000_max": 0.182917,
        "nauc_map_at_1000_std": -0.298612,
        "nauc_map_at_1000_diff1": 0.480998,
        "nauc_recall_at_1_max": 0.13605,
        "nauc_recall_at_1_std": -0.276423,
        "nauc_recall_at_1_diff1": 0.542498,
        "nauc_recall_at_3_max": 0.176088,
        "nauc_recall_at_3_std": -0.273774,
        "nauc_recall_at_3_diff1": 0.439704,
        "nauc_recall_at_5_max": 0.150882,
        "nauc_recall_at_5_std": -0.313378,
        "nauc_recall_at_5_diff1": 0.430108,
        "nauc_recall_at_10_max": 0.170185,
        "nauc_recall_at_10_std": -0.301517,
        "nauc_recall_at_10_diff1": 0.447382,
        "nauc_recall_at_20_max": 0.200091,
        "nauc_recall_at_20_std": -0.252793,
        "nauc_recall_at_20_diff1": 0.421225,
        "nauc_recall_at_100_max": 0.391323,
        "nauc_recall_at_100_std": 0.138514,
        "nauc_recall_at_100_diff1": 0.364554,
        "nauc_recall_at_1000_max": NaN,
        "nauc_recall_at_1000_std": NaN,
        "nauc_recall_at_1000_diff1": NaN,
        "nauc_precision_at_1_max": 0.175897,
        "nauc_precision_at_1_std": -0.309667,
        "nauc_precision_at_1_diff1": 0.533937,
        "nauc_precision_at_3_max": 0.192453,
        "nauc_precision_at_3_std": -0.265535,
        "nauc_precision_at_3_diff1": 0.337582,
        "nauc_precision_at_5_max": 0.167696,
        "nauc_precision_at_5_std": -0.280409,
        "nauc_precision_at_5_diff1": 0.312806,
        "nauc_precision_at_10_max": 0.163987,
        "nauc_precision_at_10_std": -0.256445,
        "nauc_precision_at_10_diff1": 0.295276,
        "nauc_precision_at_20_max": 0.164469,
        "nauc_precision_at_20_std": -0.20917,
        "nauc_precision_at_20_diff1": 0.253644,
        "nauc_precision_at_100_max": 0.211628,
        "nauc_precision_at_100_std": 0.06126,
        "nauc_precision_at_100_diff1": 0.114205,
        "nauc_precision_at_1000_max": 0.132832,
        "nauc_precision_at_1000_std": 0.041224,
        "nauc_precision_at_1000_diff1": 0.008912,
        "nauc_mrr_at_1_max": 0.175897,
        "nauc_mrr_at_1_std": -0.309667,
        "nauc_mrr_at_1_diff1": 0.533937,
        "nauc_mrr_at_3_max": 0.179754,
        "nauc_mrr_at_3_std": -0.299805,
        "nauc_mrr_at_3_diff1": 0.504583,
        "nauc_mrr_at_5_max": 0.171495,
        "nauc_mrr_at_5_std": -0.307845,
        "nauc_mrr_at_5_diff1": 0.501099,
        "nauc_mrr_at_10_max": 0.176853,
        "nauc_mrr_at_10_std": -0.305063,
        "nauc_mrr_at_10_diff1": 0.505253,
        "nauc_mrr_at_20_max": 0.180178,
        "nauc_mrr_at_20_std": -0.299794,
        "nauc_mrr_at_20_diff1": 0.503337,
        "nauc_mrr_at_100_max": 0.181975,
        "nauc_mrr_at_100_std": -0.295404,
        "nauc_mrr_at_100_diff1": 0.503073,
        "nauc_mrr_at_1000_max": 0.181335,
        "nauc_mrr_at_1000_std": -0.296581,
        "nauc_mrr_at_1000_diff1": 0.503245,
        "cv_recall_at_1": 0.29817,
        "cv_recall_at_3": 0.41437,
        "cv_recall_at_5": 0.46636,
        "cv_recall_at_10": 0.54893,
        "cv_recall_at_20": 0.62691,
        "cv_recall_at_100": 0.85015,
        "cv_recall_at_1000": 1.0,
        "main_score": 0.38154,
        "hf_subset": "kor-kor",
        "languages": [
          "kor-Hang",
          "kor-Hang"
        ]
      },
      {
        "ndcg_at_1": 0.28135,
        "ndcg_at_3": 0.30664,
        "ndcg_at_5": 0.33035,
        "ndcg_at_10": 0.36446,
        "ndcg_at_20": 0.38747,
        "ndcg_at_100": 0.44394,
        "ndcg_at_1000": 0.47298,
        "map_at_1": 0.16195,
        "map_at_3": 0.25435,
        "map_at_5": 0.28316,
        "map_at_10": 0.3023,
        "map_at_20": 0.31039,
        "map_at_100": 0.32024,
        "map_at_1000": 0.32198,
        "recall_at_1": 0.16195,
        "recall_at_3": 0.31007,
        "recall_at_5": 0.38634,
        "recall_at_10": 0.47001,
        "recall_at_20": 0.54559,
        "recall_at_100": 0.80691,
        "recall_at_1000": 0.99949,
        "accuracy": 0.16195,
        "precision_at_1": 0.28135,
        "precision_at_3": 0.20133,
        "precision_at_5": 0.15535,
        "precision_at_10": 0.09679,
        "precision_at_20": 0.05604,
        "precision_at_100": 0.01609,
        "precision_at_1000": 0.00195,
        "mrr_at_1": 0.281346,
        "mrr_at_3": 0.346075,
        "mrr_at_5": 0.360754,
        "mrr_at_10": 0.371404,
        "mrr_at_20": 0.376375,
        "mrr_at_100": 0.382147,
        "mrr_at_1000": 0.382848,
        "nauc_ndcg_at_1_max": 0.094105,
        "nauc_ndcg_at_1_std": -0.316474,
        "nauc_ndcg_at_1_diff1": 0.5156,
        "nauc_ndcg_at_3_max": 0.045168,
        "nauc_ndcg_at_3_std": -0.343558,
        "nauc_ndcg_at_3_diff1": 0.428792,
        "nauc_ndcg_at_5_max": 0.034214,
        "nauc_ndcg_at_5_std": -0.348351,
        "nauc_ndcg_at_5_diff1": 0.405334,
        "nauc_ndcg_at_10_max": 0.034815,
        "nauc_ndcg_at_10_std": -0.346714,
        "nauc_ndcg_at_10_diff1": 0.40248,
        "nauc_ndcg_at_20_max": 0.038558,
        "nauc_ndcg_at_20_std": -0.344359,
        "nauc_ndcg_at_20_diff1": 0.401438,