{
  "dataset_revision": "fd7df84ac089bbec763b1c6bb1b56e985df5cc5c",
  "task_name": "AutoRAGRetrieval",
  "mteb_version": "2.8.4",
  "scores": {
    "test": [
      {
        "ndcg_at_1": 0.55263,
        "ndcg_at_3": 0.67074,
        "ndcg_at_5": 0.70282,
        "ndcg_at_10": 0.72846,
        "ndcg_at_20": 0.73694,
        "ndcg_at_100": 0.74693,
        "ndcg_at_1000": 0.74693,
        "map_at_1": 0.55263,
        "map_at_3": 0.64181,
        "map_at_5": 0.65936,
        "map_at_10": 0.67002,
        "map_at_20": 0.67213,
        "map_at_100": 0.67361,
        "map_at_1000": 0.67361,
        "recall_at_1": 0.55263,
        "recall_at_3": 0.75439,
        "recall_at_5": 0.83333,
        "recall_at_10": 0.91228,
        "recall_at_20": 0.94737,
        "recall_at_100": 1.0,
        "recall_at_1000": 1.0,
        "accuracy": 0.55263,
        "precision_at_1": 0.55263,
        "precision_at_3": 0.25146,
        "precision_at_5": 0.16667,
        "precision_at_10": 0.09123,
        "precision_at_20": 0.04737,
        "precision_at_100": 0.01,
        "precision_at_1000": 0.001,
        "mrr_at_1": 0.552632,
        "mrr_at_3": 0.641813,
        "mrr_at_5": 0.659357,
        "mrr_at_10": 0.670015,
        "mrr_at_20": 0.672133,
        "mrr_at_100": 0.673608,
        "mrr_at_1000": 0.673608,
        "nauc_ndcg_at_1_max": 0.266175,
        "nauc_ndcg_at_1_std": -0.211809,
        "nauc_ndcg_at_1_diff1": 0.667031,
        "nauc_ndcg_at_3_max": 0.427376,
        "nauc_ndcg_at_3_std": -0.181197,
        "nauc_ndcg_at_3_diff1": 0.682323,
        "nauc_ndcg_at_5_max": 0.404714,
        "nauc_ndcg_at_5_std": -0.199257,
        "nauc_ndcg_at_5_diff1": 0.661978,
        "nauc_ndcg_at_10_max": 0.406466,
        "nauc_ndcg_at_10_std": -0.213781,
        "nauc_ndcg_at_10_diff1": 0.652789,
        "nauc_ndcg_at_20_max": 0.386612,
        "nauc_ndcg_at_20_std": -0.252531,
        "nauc_ndcg_at_20_diff1": 0.65188,
        "nauc_ndcg_at_100_max": 0.3768,
        "nauc_ndcg_at_100_std": -0.214275,
        "nauc_ndcg_at_100_diff1": 0.662416,
        "nauc_ndcg_at_1000_max": 0.3768,
        "nauc_ndcg_at_1000_std": -0.214275,
        "nauc_ndcg_at_1000_diff1": 0.662416,
        "nauc_map_at_1_max": 0.266175,
        "nauc_map_at_1_std": -0.211809,
        "nauc_map_at_1_diff1": 0.667031,
        "nauc_map_at_3_max": 0.386745,
        "nauc_map_at_3_std": -0.188787,
        "nauc_map_at_3_diff1": 0.678822,
        "nauc_map_at_5_max": 0.372756,
        "nauc_map_at_5_std": -0.198216,
        "nauc_map_at_5_diff1": 0.668491,
        "nauc_map_at_10_max": 0.370872,
        "nauc_map_at_10_std": -0.204997,
        "nauc_map_at_10_diff1": 0.665154,
        "nauc_map_at_20_max": 0.366489,
        "nauc_map_at_20_std": -0.212927,
        "nauc_map_at_20_diff1": 0.665061,
        "nauc_map_at_100_max": 0.365264,
        "nauc_map_at_100_std": -0.207909,
        "nauc_map_at_100_diff1": 0.666274,
        "nauc_map_at_1000_max": 0.365264,
        "nauc_map_at_1000_std": -0.207909,
        "nauc_map_at_1000_diff1": 0.666274,
        "nauc_recall_at_1_max": 0.266175,
        "nauc_recall_at_1_std": -0.211809,
        "nauc_recall_at_1_diff1": 0.667031,
        "nauc_recall_at_3_max": 0.576209,
        "nauc_recall_at_3_std": -0.153466,
        "nauc_recall_at_3_diff1": 0.694935,
        "nauc_recall_at_5_max": 0.554988,
        "nauc_recall_at_5_std": -0.209535,
        "nauc_recall_at_5_diff1": 0.624174,
        "nauc_recall_at_10_max": 0.70887,
        "nauc_recall_at_10_std": -0.303385,
        "nauc_recall_at_10_diff1": 0.528806,
        "nauc_recall_at_20_max": 0.582751,
        "nauc_recall_at_20_std": -1.002192,
        "nauc_recall_at_20_diff1": 0.431267,
        "nauc_recall_at_100_max": NaN,
        "nauc_recall_at_100_std": NaN,
        "nauc_recall_at_100_diff1": NaN,
        "nauc_recall_at_1000_max": NaN,
        "nauc_recall_at_1000_std": NaN,
        "nauc_recall_at_1000_diff1": NaN,
        "nauc_precision_at_1_max": 0.266175,
        "nauc_precision_at_1_std": -0.211809,
        "nauc_precision_at_1_diff1": 0.667031,
        "nauc_precision_at_3_max": 0.576209,
        "nauc_precision_at_3_std": -0.153466,
        "nauc_precision_at_3_diff1": 0.694935,
        "nauc_precision_at_5_max": 0.554988,
        "nauc_precision_at_5_std": -0.209535,
        "nauc_precision_at_5_diff1": 0.624174,
        "nauc_precision_at_10_max": 0.70887,
        "nauc_precision_at_10_std": -0.303385,
        "nauc_precision_at_10_diff1": 0.528806,
        "nauc_precision_at_20_max": 0.582751,
        "nauc_precision_at_20_std": -1.002192,
        "nauc_precision_at_20_diff1": 0.431267,
        "nauc_precision_at_100_max": 1.0,
        "nauc_precision_at_100_std": 1.0,
        "nauc_precision_at_100_diff1": 1.0,
        "nauc_precision_at_1000_max": 1.0,
        "nauc_precision_at_1000_std": 1.0,
        "nauc_precision_at_1000_diff1": 1.0,
        "nauc_mrr_at_1_max": 0.266175,
        "nauc_mrr_at_1_std": -0.211809,
        "nauc_mrr_at_1_diff1": 0.667031,
        "nauc_mrr_at_3_max": 0.386745,
        "nauc_mrr_at_3_std": -0.188787,
        "nauc_mrr_at_3_diff1": 0.678822,
        "nauc_mrr_at_5_max": 0.372756,
        "nauc_mrr_at_5_std": -0.198216,
        "nauc_mrr_at_5_diff1": 0.668491,
        "nauc_mrr_at_10_max": 0.370872,
        "nauc_mrr_at_10_std": -0.204997,
        "nauc_mrr_at_10_diff1": 0.665154,
        "nauc_mrr_at_20_max": 0.366489,
        "nauc_mrr_at_20_std": -0.212927,
        "nauc_mrr_at_20_diff1": 0.665061,
        "nauc_mrr_at_100_max": 0.365264,
        "nauc_mrr_at_100_std": -0.207909,
        "nauc_mrr_at_100_diff1": 0.666274,
        "nauc_mrr_at_1000_max": 0.365264,
        "nauc_mrr_at_1000_std": -0.207909,
        "nauc_mrr_at_1000_diff1": 0.666274,
        "cv_recall_at_1": 0.55263,
        "cv_recall_at_3": 0.75439,
        "cv_recall_at_5": 0.83333,
        "cv_recall_at_10": 0.91228,
        "cv_recall_at_20": 0.94737,
        "cv_recall_at_100": 1.0,
        "cv_recall_at_1000": 1.0,
        "main_score": 0.72846,
        "hf_subset": "default",
        "languages": [
          "kor-Hang"
        ]
      }
    ]
  },
  "evaluation_time": 11.257554769515991,
  "kg_co2_emissions": null
}