{
  "dataset_revision": "d243889a3eb6654029dbd7e7f9319ae31d58f97c",
  "task_name": "Ko-StrategyQA",
  "mteb_version": "2.8.4",
  "scores": {
    "dev": [
      {
        "ndcg_at_1": 0.70946,
        "ndcg_at_3": 0.70546,
        "ndcg_at_5": 0.73111,
        "ndcg_at_10": 0.7527,
        "ndcg_at_20": 0.76098,
        "ndcg_at_100": 0.7738,
        "ndcg_at_1000": 0.78233,
        "map_at_1": 0.46061,
        "map_at_3": 0.66268,
        "map_at_5": 0.68991,
        "map_at_10": 0.70367,
        "map_at_20": 0.70703,
        "map_at_100": 0.70973,
        "map_at_1000": 0.71009,
        "recall_at_1": 0.46061,
        "recall_at_3": 0.71615,
        "recall_at_5": 0.76854,
        "recall_at_10": 0.81975,
        "recall_at_20": 0.84632,
        "recall_at_100": 0.90035,
        "recall_at_1000": 0.95687,
        "accuracy": 0.46061,
        "precision_at_1": 0.70946,
        "precision_at_3": 0.41836,
        "precision_at_5": 0.2777,
        "precision_at_10": 0.15135,
        "precision_at_20": 0.07838,
        "precision_at_100": 0.01693,
        "precision_at_1000": 0.00182,
        "mrr_at_1": 0.709459,
        "mrr_at_3": 0.762669,
        "mrr_at_5": 0.766216,
        "mrr_at_10": 0.770207,
        "mrr_at_20": 0.771389,
        "mrr_at_100": 0.772414,
        "mrr_at_1000": 0.772597,
        "nauc_ndcg_at_1_max": 0.56282,
        "nauc_ndcg_at_1_std": 0.060533,
        "nauc_ndcg_at_1_diff1": 0.619669,
        "nauc_ndcg_at_3_max": 0.556964,
        "nauc_ndcg_at_3_std": 0.015434,
        "nauc_ndcg_at_3_diff1": 0.533669,
        "nauc_ndcg_at_5_max": 0.6077,
        "nauc_ndcg_at_5_std": 0.039286,
        "nauc_ndcg_at_5_diff1": 0.532794,
        "nauc_ndcg_at_10_max": 0.625121,
        "nauc_ndcg_at_10_std": 0.05368,
        "nauc_ndcg_at_10_diff1": 0.53958,
        "nauc_ndcg_at_20_max": 0.626967,
        "nauc_ndcg_at_20_std": 0.056627,
        "nauc_ndcg_at_20_diff1": 0.545023,
        "nauc_ndcg_at_100_max": 0.629816,
        "nauc_ndcg_at_100_std": 0.062438,
        "nauc_ndcg_at_100_diff1": 0.546911,
        "nauc_ndcg_at_1000_max": 0.620609,
        "nauc_ndcg_at_1000_std": 0.059403,
        "nauc_ndcg_at_1000_diff1": 0.547361,
        "nauc_map_at_1_max": 0.27579,
        "nauc_map_at_1_std": -0.069454,
        "nauc_map_at_1_diff1": 0.569357,
        "nauc_map_at_3_max": 0.507073,
        "nauc_map_at_3_std": -0.004071,
        "nauc_map_at_3_diff1": 0.524995,
        "nauc_map_at_5_max": 0.551336,
        "nauc_map_at_5_std": 0.016512,
        "nauc_map_at_5_diff1": 0.521622,
        "nauc_map_at_10_max": 0.561669,
        "nauc_map_at_10_std": 0.028069,
        "nauc_map_at_10_diff1": 0.524139,
        "nauc_map_at_20_max": 0.562696,
        "nauc_map_at_20_std": 0.029355,
        "nauc_map_at_20_diff1": 0.526623,
        "nauc_map_at_100_max": 0.563658,
        "nauc_map_at_100_std": 0.030496,
        "nauc_map_at_100_diff1": 0.526964,
        "nauc_map_at_1000_max": 0.563303,
        "nauc_map_at_1000_std": 0.030293,
        "nauc_map_at_1000_diff1": 0.526863,
        "nauc_recall_at_1_max": 0.27579,
        "nauc_recall_at_1_std": -0.069454,
        "nauc_recall_at_1_diff1": 0.569357,
        "nauc_recall_at_3_max": 0.54281,
        "nauc_recall_at_3_std": -0.006494,
        "nauc_recall_at_3_diff1": 0.481064,
        "nauc_recall_at_5_max": 0.653511,
        "nauc_recall_at_5_std": 0.034386,
        "nauc_recall_at_5_diff1": 0.475071,
        "nauc_recall_at_10_max": 0.717482,
        "nauc_recall_at_10_std": 0.06763,
        "nauc_recall_at_10_diff1": 0.491635,
        "nauc_recall_at_20_max": 0.735924,
        "nauc_recall_at_20_std": 0.082713,
        "nauc_recall_at_20_diff1": 0.509279,
        "nauc_recall_at_100_max": 0.826253,
        "nauc_recall_at_100_std": 0.146594,
        "nauc_recall_at_100_diff1": 0.53043,
        "nauc_recall_at_1000_max": 0.820435,
        "nauc_recall_at_1000_std": 0.184584,
        "nauc_recall_at_1000_diff1": 0.564382,
        "nauc_precision_at_1_max": 0.56282,
        "nauc_precision_at_1_std": 0.060533,
        "nauc_precision_at_1_diff1": 0.619669,
        "nauc_precision_at_3_max": 0.408815,
        "nauc_precision_at_3_std": 0.109016,
        "nauc_precision_at_3_diff1": 0.076779,
        "nauc_precision_at_5_max": 0.37939,
        "nauc_precision_at_5_std": 0.131215,
        "nauc_precision_at_5_diff1": -0.000167,
        "nauc_precision_at_10_max": 0.328507,
        "nauc_precision_at_10_std": 0.149241,
        "nauc_precision_at_10_diff1": -0.056754,
        "nauc_precision_at_20_max": 0.297178,
        "nauc_precision_at_20_std": 0.152477,
        "nauc_precision_at_20_diff1": -0.079736,
        "nauc_precision_at_100_max": 0.213849,
        "nauc_precision_at_100_std": 0.159427,
        "nauc_precision_at_100_diff1": -0.155623,
        "nauc_precision_at_1000_max": 0.076591,
        "nauc_precision_at_1000_std": 0.14531,
        "nauc_precision_at_1000_diff1": -0.256274,
        "nauc_mrr_at_1_max": 0.56282,
        "nauc_mrr_at_1_std": 0.060533,
        "nauc_mrr_at_1_diff1": 0.619669,
        "nauc_mrr_at_3_max": 0.654615,
        "nauc_mrr_at_3_std": 0.095132,
        "nauc_mrr_at_3_diff1": 0.610103,
        "nauc_mrr_at_5_max": 0.658833,
        "nauc_mrr_at_5_std": 0.092685,
        "nauc_mrr_at_5_diff1": 0.610261,
        "nauc_mrr_at_10_max": 0.658018,
        "nauc_mrr_at_10_std": 0.090953,
        "nauc_mrr_at_10_diff1": 0.611017,
        "nauc_mrr_at_20_max": 0.656563,
        "nauc_mrr_at_20_std": 0.090525,
        "nauc_mrr_at_20_diff1": 0.611415,
        "nauc_mrr_at_100_max": 0.655665,
        "nauc_mrr_at_100_std": 0.090604,
        "nauc_mrr_at_100_diff1": 0.611103,
        "nauc_mrr_at_1000_max": 0.655489,
        "nauc_mrr_at_1000_std": 0.090471,
        "nauc_mrr_at_1000_diff1": 0.611096,
        "cv_recall_at_1": 0.70946,
        "cv_recall_at_3": 0.8277,
        "cv_recall_at_5": 0.84291,
        "cv_recall_at_10": 0.87162,
        "cv_recall_at_20": 0.88851,
        "cv_recall_at_100": 0.92736,
        "cv_recall_at_1000": 0.97297,
        "main_score": 0.7527,
        "hf_subset": "default",
        "languages": [
          "kor-Hang"
        ]
      }
    ]
  },
  "evaluation_time": 63.17373061180115,
  "kg_co2_emissions": null
}