{
  "dataset_revision": "main",
  "task_name": "PublicHealthQA",
  "mteb_version": "2.8.4",
  "scores": {
    "test": [
      {
        "ndcg_at_1": 0.61039,
        "ndcg_at_3": 0.7231,
        "ndcg_at_5": 0.75495,
        "ndcg_at_10": 0.77559,
        "ndcg_at_20": 0.78239,
        "ndcg_at_100": 0.78768,
        "ndcg_at_1000": 0.78768,
        "map_at_1": 0.61039,
        "map_at_3": 0.69481,
        "map_at_5": 0.71234,
        "map_at_10": 0.72063,
        "map_at_20": 0.72263,
        "map_at_100": 0.72355,
        "map_at_1000": 0.72355,
        "recall_at_1": 0.61039,
        "recall_at_3": 0.80519,
        "recall_at_5": 0.88312,
        "recall_at_10": 0.94805,
        "recall_at_20": 0.97403,
        "recall_at_100": 1.0,
        "recall_at_1000": 1.0,
        "accuracy": 0.61039,
        "precision_at_1": 0.61039,
        "precision_at_3": 0.2684,
        "precision_at_5": 0.17662,
        "precision_at_10": 0.09481,
        "precision_at_20": 0.0487,
        "precision_at_100": 0.01,
        "precision_at_1000": 0.001,
        "mrr_at_1": 0.61039,
        "mrr_at_3": 0.694805,
        "mrr_at_5": 0.712338,
        "mrr_at_10": 0.720635,
        "mrr_at_20": 0.722627,
        "mrr_at_100": 0.723548,
        "mrr_at_1000": 0.723548,
        "nauc_ndcg_at_1_max": 0.280411,
        "nauc_ndcg_at_1_std": 0.058169,
        "nauc_ndcg_at_1_diff1": 0.610097,
        "nauc_ndcg_at_3_max": 0.279925,
        "nauc_ndcg_at_3_std": 0.076694,
        "nauc_ndcg_at_3_diff1": 0.548458,
        "nauc_ndcg_at_5_max": 0.277498,
        "nauc_ndcg_at_5_std": 0.095873,
        "nauc_ndcg_at_5_diff1": 0.555745,
        "nauc_ndcg_at_10_max": 0.245504,
        "nauc_ndcg_at_10_std": 0.044611,
        "nauc_ndcg_at_10_diff1": 0.563365,
        "nauc_ndcg_at_20_max": 0.222844,
        "nauc_ndcg_at_20_std": 0.039977,
        "nauc_ndcg_at_20_diff1": 0.557438,
        "nauc_ndcg_at_100_max": 0.256333,
        "nauc_ndcg_at_100_std": 0.05289,
        "nauc_ndcg_at_100_diff1": 0.57589,
        "nauc_ndcg_at_1000_max": 0.256333,
        "nauc_ndcg_at_1000_std": 0.05289,
        "nauc_ndcg_at_1000_diff1": 0.57589,
        "nauc_map_at_1_max": 0.280411,
        "nauc_map_at_1_std": 0.058169,
        "nauc_map_at_1_diff1": 0.610097,
        "nauc_map_at_3_max": 0.272733,
        "nauc_map_at_3_std": 0.061251,
        "nauc_map_at_3_diff1": 0.569994,
        "nauc_map_at_5_max": 0.270791,
        "nauc_map_at_5_std": 0.066663,
        "nauc_map_at_5_diff1": 0.576767,
        "nauc_map_at_10_max": 0.259474,
        "nauc_map_at_10_std": 0.048452,
        "nauc_map_at_10_diff1": 0.579802,
        "nauc_map_at_20_max": 0.254478,
        "nauc_map_at_20_std": 0.048219,
        "nauc_map_at_20_diff1": 0.578406,
        "nauc_map_at_100_max": 0.260012,
        "nauc_map_at_100_std": 0.050827,
        "nauc_map_at_100_diff1": 0.581514,
        "nauc_map_at_1000_max": 0.260012,
        "nauc_map_at_1000_std": 0.050827,
        "nauc_map_at_1000_diff1": 0.581514,
        "nauc_recall_at_1_max": 0.280411,
        "nauc_recall_at_1_std": 0.058169,
        "nauc_recall_at_1_diff1": 0.610097,
        "nauc_recall_at_3_max": 0.313093,
        "nauc_recall_at_3_std": 0.144623,
        "nauc_recall_at_3_diff1": 0.459743,
        "nauc_recall_at_5_max": 0.324591,
        "nauc_recall_at_5_std": 0.293827,
        "nauc_recall_at_5_diff1": 0.42345,
        "nauc_recall_at_10_max": 0.029425,
        "nauc_recall_at_10_std": -0.042491,
        "nauc_recall_at_10_diff1": 0.354491,
        "nauc_recall_at_20_max": -0.802452,
        "nauc_recall_at_20_std": -0.304759,
        "nauc_recall_at_20_diff1": -0.002799,
        "nauc_recall_at_100_max": NaN,
        "nauc_recall_at_100_std": NaN,
        "nauc_recall_at_100_diff1": NaN,
        "nauc_recall_at_1000_max": NaN,
        "nauc_recall_at_1000_std": NaN,
        "nauc_recall_at_1000_diff1": NaN,
        "nauc_precision_at_1_max": 0.280411,
        "nauc_precision_at_1_std": 0.058169,
        "nauc_precision_at_1_diff1": 0.610097,
        "nauc_precision_at_3_max": 0.313093,
        "nauc_precision_at_3_std": 0.144623,
        "nauc_precision_at_3_diff1": 0.459743,
        "nauc_precision_at_5_max": 0.324591,
        "nauc_precision_at_5_std": 0.293827,
        "nauc_precision_at_5_diff1": 0.42345,
        "nauc_precision_at_10_max": 0.029425,
        "nauc_precision_at_10_std": -0.042491,
        "nauc_precision_at_10_diff1": 0.354491,
        "nauc_precision_at_20_max": -0.802452,
        "nauc_precision_at_20_std": -0.304759,
        "nauc_precision_at_20_diff1": -0.002799,
        "nauc_precision_at_100_max": 1.0,
        "nauc_precision_at_100_std": 1.0,
        "nauc_precision_at_100_diff1": 1.0,
        "nauc_precision_at_1000_max": NaN,
        "nauc_precision_at_1000_std": NaN,
        "nauc_precision_at_1000_diff1": NaN,
        "nauc_mrr_at_1_max": 0.280411,
        "nauc_mrr_at_1_std": 0.058169,
        "nauc_mrr_at_1_diff1": 0.610097,
        "nauc_mrr_at_3_max": 0.272733,
        "nauc_mrr_at_3_std": 0.061251,
        "nauc_mrr_at_3_diff1": 0.569994,
        "nauc_mrr_at_5_max": 0.270791,
        "nauc_mrr_at_5_std": 0.066663,
        "nauc_mrr_at_5_diff1": 0.576767,
        "nauc_mrr_at_10_max": 0.259474,
        "nauc_mrr_at_10_std": 0.048452,
        "nauc_mrr_at_10_diff1": 0.579802,
        "nauc_mrr_at_20_max": 0.254478,
        "nauc_mrr_at_20_std": 0.048219,
        "nauc_mrr_at_20_diff1": 0.578406,
        "nauc_mrr_at_100_max": 0.260012,
        "nauc_mrr_at_100_std": 0.050827,
        "nauc_mrr_at_100_diff1": 0.581514,
        "nauc_mrr_at_1000_max": 0.260012,
        "nauc_mrr_at_1000_std": 0.050827,
        "nauc_mrr_at_1000_diff1": 0.581514,
        "cv_recall_at_1": 0.61039,
        "cv_recall_at_3": 0.80519,
        "cv_recall_at_5": 0.88312,
        "cv_recall_at_10": 0.94805,
        "cv_recall_at_20": 0.97403,
        "cv_recall_at_100": 1.0,
        "cv_recall_at_1000": 1.0,
        "main_score": 0.77559,
        "hf_subset": "korean",
        "languages": [
          "kor-Hang"
        ]
      }
    ]
  },
  "evaluation_time": 1.0505223274230957,
  "kg_co2_emissions": null
}