{
  "dataset_revision": "fc4624be978945a0ceebbc4b85737258fe26330b",
  "task_name": "XPQARetrieval",
  "mteb_version": "2.8.4",
  "scores": {
    "test": [
      {
        "ndcg_at_1": 0.25229,
        "ndcg_at_3": 0.27439,
        "ndcg_at_5": 0.28939,
        "ndcg_at_10": 0.31663,
        "ndcg_at_20": 0.34117,
        "ndcg_at_100": 0.38753,
        "ndcg_at_1000": 0.42564,
        "map_at_1": 0.175,
        "map_at_3": 0.24568,
        "map_at_5": 0.25782,
        "map_at_10": 0.27077,
        "map_at_20": 0.27863,
        "map_at_100": 0.28573,
        "map_at_1000": 0.28741,
        "recall_at_1": 0.175,
        "recall_at_3": 0.29368,
        "recall_at_5": 0.33216,
        "recall_at_10": 0.40889,
        "recall_at_20": 0.49465,
        "recall_at_100": 0.72207,
        "recall_at_1000": 1.0,
        "accuracy": 0.175,
        "precision_at_1": 0.25229,
        "precision_at_3": 0.15545,
        "precision_at_5": 0.10673,
        "precision_at_10": 0.06483,
        "precision_at_20": 0.03968,
        "precision_at_100": 0.01159,
        "precision_at_1000": 0.00156,
        "mrr_at_1": 0.252294,
        "mrr_at_3": 0.299694,
        "mrr_at_5": 0.307798,
        "mrr_at_10": 0.31733,
        "mrr_at_20": 0.322962,
        "mrr_at_100": 0.328064,
        "mrr_at_1000": 0.329081,
        "nauc_ndcg_at_1_max": 0.320976,
        "nauc_ndcg_at_1_std": -0.215006,
        "nauc_ndcg_at_1_diff1": 0.544063,
        "nauc_ndcg_at_3_max": 0.312418,
        "nauc_ndcg_at_3_std": -0.202328,
        "nauc_ndcg_at_3_diff1": 0.493912,
        "nauc_ndcg_at_5_max": 0.307701,
        "nauc_ndcg_at_5_std": -0.208501,
        "nauc_ndcg_at_5_diff1": 0.485845,
        "nauc_ndcg_at_10_max": 0.307641,
        "nauc_ndcg_at_10_std": -0.203623,
        "nauc_ndcg_at_10_diff1": 0.469968,
        "nauc_ndcg_at_20_max": 0.306604,
        "nauc_ndcg_at_20_std": -0.209163,
        "nauc_ndcg_at_20_diff1": 0.466683,
        "nauc_ndcg_at_100_max": 0.32179,
        "nauc_ndcg_at_100_std": -0.195294,
        "nauc_ndcg_at_100_diff1": 0.466637,
        "nauc_ndcg_at_1000_max": 0.321137,
        "nauc_ndcg_at_1000_std": -0.19629,
        "nauc_ndcg_at_1000_diff1": 0.476969,
        "nauc_map_at_1_max": 0.276715,
        "nauc_map_at_1_std": -0.167535,
        "nauc_map_at_1_diff1": 0.5408,
        "nauc_map_at_3_max": 0.313566,
        "nauc_map_at_3_std": -0.189556,
        "nauc_map_at_3_diff1": 0.484597,
        "nauc_map_at_5_max": 0.309514,
        "nauc_map_at_5_std": -0.197026,
        "nauc_map_at_5_diff1": 0.478442,
        "nauc_map_at_10_max": 0.310113,
        "nauc_map_at_10_std": -0.194743,
        "nauc_map_at_10_diff1": 0.470986,
        "nauc_map_at_20_max": 0.308437,
        "nauc_map_at_20_std": -0.198094,
        "nauc_map_at_20_diff1": 0.470929,
        "nauc_map_at_100_max": 0.3106,
        "nauc_map_at_100_std": -0.196134,
        "nauc_map_at_100_diff1": 0.471415,
        "nauc_map_at_1000_max": 0.311167,
        "nauc_map_at_1000_std": -0.195706,
        "nauc_map_at_1000_diff1": 0.471845,
        "nauc_recall_at_1_max": 0.276715,
        "nauc_recall_at_1_std": -0.167535,
        "nauc_recall_at_1_diff1": 0.5408,
        "nauc_recall_at_3_max": 0.308752,
        "nauc_recall_at_3_std": -0.19331,
        "nauc_recall_at_3_diff1": 0.469681,
        "nauc_recall_at_5_max": 0.288783,
        "nauc_recall_at_5_std": -0.209323,
        "nauc_recall_at_5_diff1": 0.447077,
        "nauc_recall_at_10_max": 0.282757,
        "nauc_recall_at_10_std": -0.191745,
        "nauc_recall_at_10_diff1": 0.395153,
        "nauc_recall_at_20_max": 0.275629,
        "nauc_recall_at_20_std": -0.207255,
        "nauc_recall_at_20_diff1": 0.376863,
        "nauc_recall_at_100_max": 0.336548,
        "nauc_recall_at_100_std": -0.142666,
        "nauc_recall_at_100_diff1": 0.336099,
        "nauc_recall_at_1000_max": NaN,
        "nauc_recall_at_1000_std": NaN,
        "nauc_recall_at_1000_diff1": NaN,
        "nauc_precision_at_1_max": 0.320976,
        "nauc_precision_at_1_std": -0.215006,
        "nauc_precision_at_1_diff1": 0.544063,
        "nauc_precision_at_3_max": 0.313949,
        "nauc_precision_at_3_std": -0.204693,
        "nauc_precision_at_3_diff1": 0.380852,
        "nauc_precision_at_5_max": 0.28991,
        "nauc_precision_at_5_std": -0.205479,
        "nauc_precision_at_5_diff1": 0.352592,
        "nauc_precision_at_10_max": 0.271214,
        "nauc_precision_at_10_std": -0.180149,
        "nauc_precision_at_10_diff1": 0.300097,
        "nauc_precision_at_20_max": 0.249845,
        "nauc_precision_at_20_std": -0.182032,
        "nauc_precision_at_20_diff1": 0.269101,
        "nauc_precision_at_100_max": 0.254426,
        "nauc_precision_at_100_std": -0.072022,
        "nauc_precision_at_100_diff1": 0.178992,
        "nauc_precision_at_1000_max": 0.166883,
        "nauc_precision_at_1000_std": 0.019828,
        "nauc_precision_at_1000_diff1": 0.047782,
        "nauc_mrr_at_1_max": 0.320976,
        "nauc_mrr_at_1_std": -0.215006,
        "nauc_mrr_at_1_diff1": 0.544063,
        "nauc_mrr_at_3_max": 0.320316,
        "nauc_mrr_at_3_std": -0.218321,
        "nauc_mrr_at_3_diff1": 0.537198,
        "nauc_mrr_at_5_max": 0.312727,
        "nauc_mrr_at_5_std": -0.222634,
        "nauc_mrr_at_5_diff1": 0.528289,
        "nauc_mrr_at_10_max": 0.312651,
        "nauc_mrr_at_10_std": -0.221862,
        "nauc_mrr_at_10_diff1": 0.523268,
        "nauc_mrr_at_20_max": 0.314426,
        "nauc_mrr_at_20_std": -0.220228,
        "nauc_mrr_at_20_diff1": 0.521592,
        "nauc_mrr_at_100_max": 0.316912,
        "nauc_mrr_at_100_std": -0.218071,
        "nauc_mrr_at_100_diff1": 0.522017,
        "nauc_mrr_at_1000_max": 0.316601,
        "nauc_mrr_at_1000_std": -0.218429,
        "nauc_mrr_at_1000_diff1": 0.522154,
        "cv_recall_at_1": 0.25229,
        "cv_recall_at_3": 0.36391,
        "cv_recall_at_5": 0.39908,
        "cv_recall_at_10": 0.47095,
        "cv_recall_at_20": 0.55505,
        "cv_recall_at_100": 0.77064,
        "cv_recall_at_1000": 1.0,
        "main_score": 0.31663,
        "hf_subset": "kor-kor",
        "languages": [
          "kor-Hang",
          "kor-Hang"
        ]
      },
      {
        "ndcg_at_1": 0.27982,
        "ndcg_at_3": 0.27259,
        "ndcg_at_5": 0.28663,
        "ndcg_at_10": 0.3228,
        "ndcg_at_20": 0.34922,
        "ndcg_at_100": 0.39835,
        "ndcg_at_1000": 0.43527,
        "map_at_1": 0.14964,
        "map_at_3": 0.22309,
        "map_at_5": 0.24491,
        "map_at_10": 0.26404,
        "map_at_20": 0.2738,
        "map_at_100": 0.28197,
        "map_at_1000": 0.28387,
        "recall_at_1": 0.14964,
        "recall_at_3": 0.26555,
        "recall_at_5": 0.31906,
        "recall_at_10": 0.41042,
        "recall_at_20": 0.49424,
        "recall_at_100": 0.72564,
        "recall_at_1000": 0.98191,
        "accuracy": 0.14964,
        "precision_at_1": 0.27982,
        "precision_at_3": 0.18196,
        "precision_at_5": 0.13517,
        "precision_at_10": 0.0867,
        "precision_at_20": 0.05283,
        "precision_at_100": 0.01495,
        "precision_at_1000": 0.00193,
        "mrr_at_1": 0.279817,
        "mrr_at_3": 0.323904,
        "mrr_at_5": 0.335754,
        "mrr_at_10": 0.34827,
        "mrr_at_20": 0.353212,
        "mrr_at_100": 0.357649,
        "mrr_at_1000": 0.358571,
        "nauc_ndcg_at_1_max": 0.130186,
        "nauc_ndcg_at_1_std": -0.2138,
        "nauc_ndcg_at_1_diff1": 0.415171,
        "nauc_ndcg_at_3_max": 0.124556,
        "nauc_ndcg_at_3_std": -0.218712,
        "nauc_ndcg_at_3_diff1": 0.367175,
        "nauc_ndcg_at_5_max": 0.117091,
        "nauc_ndcg_at_5_std": -0.218362,
        "nauc_ndcg_at_5_diff1": 0.360704,
        "nauc_ndcg_at_10_max": 0.107332,
        "nauc_ndcg_at_10_std": -0.229654,
        "nauc_ndcg_at_10_diff1": 0.346073,
        "nauc_ndcg_at_20_max": 0.094792,
        "nauc_ndcg_at_20_std": -0.243064,
        "nauc_ndcg_at_20_diff1": 0.341095,