{
  "dataset_revision": "fd7df84ac089bbec763b1c6bb1b56e985df5cc5c",
  "task_name": "AutoRAGRetrieval",
  "mteb_version": "2.8.4",
  "scores": {
    "test": [
      {
        "ndcg_at_1": 0.75439,
        "ndcg_at_3": 0.84826,
        "ndcg_at_5": 0.85921,
        "ndcg_at_10": 0.87379,
        "ndcg_at_20": 0.87813,
        "ndcg_at_100": 0.87813,
        "ndcg_at_1000": 0.87813,
        "map_at_1": 0.75439,
        "map_at_3": 0.82602,
        "map_at_5": 0.83216,
        "map_at_10": 0.83841,
        "map_at_20": 0.83955,
        "map_at_100": 0.83955,
        "map_at_1000": 0.83955,
        "recall_at_1": 0.75439,
        "recall_at_3": 0.91228,
        "recall_at_5": 0.9386,
        "recall_at_10": 0.98246,
        "recall_at_20": 1.0,
        "recall_at_100": 1.0,
        "recall_at_1000": 1.0,
        "accuracy": 0.75439,
        "precision_at_1": 0.75439,
        "precision_at_3": 0.30409,
        "precision_at_5": 0.18772,
        "precision_at_10": 0.09825,
        "precision_at_20": 0.05,
        "precision_at_100": 0.01,
        "precision_at_1000": 0.001,
        "mrr_at_1": 0.754386,
        "mrr_at_3": 0.826023,
        "mrr_at_5": 0.832164,
        "mrr_at_10": 0.838412,
        "mrr_at_20": 0.839548,
        "mrr_at_100": 0.839548,
        "mrr_at_1000": 0.839548,
        "nauc_ndcg_at_1_max": 0.062646,
        "nauc_ndcg_at_1_std": -0.642018,
        "nauc_ndcg_at_1_diff1": 0.749393,
        "nauc_ndcg_at_3_max": 0.207103,
        "nauc_ndcg_at_3_std": -0.768024,
        "nauc_ndcg_at_3_diff1": 0.776998,
        "nauc_ndcg_at_5_max": 0.22745,
        "nauc_ndcg_at_5_std": -0.718639,
        "nauc_ndcg_at_5_diff1": 0.777312,
        "nauc_ndcg_at_10_max": 0.183429,
        "nauc_ndcg_at_10_std": -0.703275,
        "nauc_ndcg_at_10_diff1": 0.759458,
        "nauc_ndcg_at_20_max": 0.16598,
        "nauc_ndcg_at_20_std": -0.696552,
        "nauc_ndcg_at_20_diff1": 0.760895,
        "nauc_ndcg_at_100_max": 0.16598,
        "nauc_ndcg_at_100_std": -0.696552,
        "nauc_ndcg_at_100_diff1": 0.760895,
        "nauc_ndcg_at_1000_max": 0.16598,
        "nauc_ndcg_at_1000_std": -0.696552,
        "nauc_ndcg_at_1000_diff1": 0.760895,
        "nauc_map_at_1_max": 0.062646,
        "nauc_map_at_1_std": -0.642018,
        "nauc_map_at_1_diff1": 0.749393,
        "nauc_map_at_3_max": 0.168164,
        "nauc_map_at_3_std": -0.722659,
        "nauc_map_at_3_diff1": 0.766206,
        "nauc_map_at_5_max": 0.176833,
        "nauc_map_at_5_std": -0.697084,
        "nauc_map_at_5_diff1": 0.765854,
        "nauc_map_at_10_max": 0.159386,
        "nauc_map_at_10_std": -0.693486,
        "nauc_map_at_10_diff1": 0.759306,
        "nauc_map_at_20_max": 0.155797,
        "nauc_map_at_20_std": -0.691165,
        "nauc_map_at_20_diff1": 0.759592,
        "nauc_map_at_100_max": 0.155797,
        "nauc_map_at_100_std": -0.691165,
        "nauc_map_at_100_diff1": 0.759592,
        "nauc_map_at_1000_max": 0.155797,
        "nauc_map_at_1000_std": -0.691165,
        "nauc_map_at_1000_diff1": 0.759592,
        "nauc_recall_at_1_max": 0.062646,
        "nauc_recall_at_1_std": -0.642018,
        "nauc_recall_at_1_diff1": 0.749393,
        "nauc_recall_at_3_max": 0.405761,
        "nauc_recall_at_3_std": -1.010017,
        "nauc_recall_at_3_diff1": 0.835161,
        "nauc_recall_at_5_max": 0.589226,
        "nauc_recall_at_5_std": -0.86426,
        "nauc_recall_at_5_diff1": 0.86243,
        "nauc_recall_at_10_max": 0.638583,
        "nauc_recall_at_10_std": -0.817151,
        "nauc_recall_at_10_diff1": 0.722407,
        "nauc_recall_at_20_max": NaN,
        "nauc_recall_at_20_std": NaN,
        "nauc_recall_at_20_diff1": NaN,
        "nauc_recall_at_100_max": NaN,
        "nauc_recall_at_100_std": NaN,
        "nauc_recall_at_100_diff1": NaN,
        "nauc_recall_at_1000_max": NaN,
        "nauc_recall_at_1000_std": NaN,
        "nauc_recall_at_1000_diff1": NaN,
        "nauc_precision_at_1_max": 0.062646,
        "nauc_precision_at_1_std": -0.642018,
        "nauc_precision_at_1_diff1": 0.749393,
        "nauc_precision_at_3_max": 0.405761,
        "nauc_precision_at_3_std": -1.010017,
        "nauc_precision_at_3_diff1": 0.835161,
        "nauc_precision_at_5_max": 0.589226,
        "nauc_precision_at_5_std": -0.86426,
        "nauc_precision_at_5_diff1": 0.86243,
        "nauc_precision_at_10_max": 0.638583,
        "nauc_precision_at_10_std": -0.817151,
        "nauc_precision_at_10_diff1": 0.722407,
        "nauc_precision_at_20_max": 1.0,
        "nauc_precision_at_20_std": 1.0,
        "nauc_precision_at_20_diff1": 1.0,
        "nauc_precision_at_100_max": 1.0,
        "nauc_precision_at_100_std": 1.0,
        "nauc_precision_at_100_diff1": 1.0,
        "nauc_precision_at_1000_max": 1.0,
        "nauc_precision_at_1000_std": 1.0,
        "nauc_precision_at_1000_diff1": 1.0,
        "nauc_mrr_at_1_max": 0.062646,
        "nauc_mrr_at_1_std": -0.642018,
        "nauc_mrr_at_1_diff1": 0.749393,
        "nauc_mrr_at_3_max": 0.168164,
        "nauc_mrr_at_3_std": -0.722659,
        "nauc_mrr_at_3_diff1": 0.766206,
        "nauc_mrr_at_5_max": 0.176833,
        "nauc_mrr_at_5_std": -0.697084,
        "nauc_mrr_at_5_diff1": 0.765854,
        "nauc_mrr_at_10_max": 0.159386,
        "nauc_mrr_at_10_std": -0.693486,
        "nauc_mrr_at_10_diff1": 0.759306,
        "nauc_mrr_at_20_max": 0.155797,
        "nauc_mrr_at_20_std": -0.691165,
        "nauc_mrr_at_20_diff1": 0.759592,
        "nauc_mrr_at_100_max": 0.155797,
        "nauc_mrr_at_100_std": -0.691165,
        "nauc_mrr_at_100_diff1": 0.759592,
        "nauc_mrr_at_1000_max": 0.155797,
        "nauc_mrr_at_1000_std": -0.691165,
        "nauc_mrr_at_1000_diff1": 0.759592,
        "cv_recall_at_1": 0.75439,
        "cv_recall_at_3": 0.91228,
        "cv_recall_at_5": 0.9386,
        "cv_recall_at_10": 0.98246,
        "cv_recall_at_20": 1.0,
        "cv_recall_at_100": 1.0,
        "cv_recall_at_1000": 1.0,
        "main_score": 0.87379,
        "hf_subset": "default",
        "languages": [
          "kor-Hang"
        ]
      }
    ]
  },
  "evaluation_time": 15.334240198135376,
  "kg_co2_emissions": null
}