{
  "dataset_revision": "d243889a3eb6654029dbd7e7f9319ae31d58f97c",
  "task_name": "Ko-StrategyQA",
  "mteb_version": "2.8.4",
  "scores": {
    "dev": [
      {
        "ndcg_at_1": 0.75845,
        "ndcg_at_3": 0.75049,
        "ndcg_at_5": 0.77913,
        "ndcg_at_10": 0.79554,
        "ndcg_at_20": 0.80391,
        "ndcg_at_100": 0.81117,
        "ndcg_at_1000": 0.81842,
        "map_at_1": 0.49056,
        "map_at_3": 0.71088,
        "map_at_5": 0.73983,
        "map_at_10": 0.75103,
        "map_at_20": 0.75483,
        "map_at_100": 0.75639,
        "map_at_1000": 0.75673,
        "recall_at_1": 0.49056,
        "recall_at_3": 0.75651,
        "recall_at_5": 0.81552,
        "recall_at_10": 0.85386,
        "recall_at_20": 0.87968,
        "recall_at_100": 0.91048,
        "recall_at_1000": 0.95746,
        "accuracy": 0.49056,
        "precision_at_1": 0.75845,
        "precision_at_3": 0.44538,
        "precision_at_5": 0.29662,
        "precision_at_10": 0.15811,
        "precision_at_20": 0.08193,
        "precision_at_100": 0.01711,
        "precision_at_1000": 0.00182,
        "mrr_at_1": 0.758446,
        "mrr_at_3": 0.805462,
        "mrr_at_5": 0.810529,
        "mrr_at_10": 0.813441,
        "mrr_at_20": 0.81417,
        "mrr_at_100": 0.814715,
        "mrr_at_1000": 0.814836,
        "nauc_ndcg_at_1_max": 0.63511,
        "nauc_ndcg_at_1_std": 0.262178,
        "nauc_ndcg_at_1_diff1": 0.6939,
        "nauc_ndcg_at_3_max": 0.657028,
        "nauc_ndcg_at_3_std": 0.235421,
        "nauc_ndcg_at_3_diff1": 0.599613,
        "nauc_ndcg_at_5_max": 0.70454,
        "nauc_ndcg_at_5_std": 0.27916,
        "nauc_ndcg_at_5_diff1": 0.618381,
        "nauc_ndcg_at_10_max": 0.715193,
        "nauc_ndcg_at_10_std": 0.331522,
        "nauc_ndcg_at_10_diff1": 0.623162,
        "nauc_ndcg_at_20_max": 0.716431,
        "nauc_ndcg_at_20_std": 0.350522,
        "nauc_ndcg_at_20_diff1": 0.625528,
        "nauc_ndcg_at_100_max": 0.716956,
        "nauc_ndcg_at_100_std": 0.358079,
        "nauc_ndcg_at_100_diff1": 0.6287,
        "nauc_ndcg_at_1000_max": 0.709396,
        "nauc_ndcg_at_1000_std": 0.344936,
        "nauc_ndcg_at_1000_diff1": 0.628767,
        "nauc_map_at_1_max": 0.312169,
        "nauc_map_at_1_std": 0.017011,
        "nauc_map_at_1_diff1": 0.645825,
        "nauc_map_at_3_max": 0.60811,
        "nauc_map_at_3_std": 0.185292,
        "nauc_map_at_3_diff1": 0.592512,
        "nauc_map_at_5_max": 0.650377,
        "nauc_map_at_5_std": 0.218359,
        "nauc_map_at_5_diff1": 0.603682,
        "nauc_map_at_10_max": 0.657266,
        "nauc_map_at_10_std": 0.248,
        "nauc_map_at_10_diff1": 0.6065,
        "nauc_map_at_20_max": 0.657288,
        "nauc_map_at_20_std": 0.254986,
        "nauc_map_at_20_diff1": 0.607275,
        "nauc_map_at_100_max": 0.657902,
        "nauc_map_at_100_std": 0.256571,
        "nauc_map_at_100_diff1": 0.607948,
        "nauc_map_at_1000_max": 0.657672,
        "nauc_map_at_1000_std": 0.256109,
        "nauc_map_at_1000_diff1": 0.608061,
        "nauc_recall_at_1_max": 0.312169,
        "nauc_recall_at_1_std": 0.017011,
        "nauc_recall_at_1_diff1": 0.645825,
        "nauc_recall_at_3_max": 0.672658,
        "nauc_recall_at_3_std": 0.233253,
        "nauc_recall_at_3_diff1": 0.551897,
        "nauc_recall_at_5_max": 0.777951,
        "nauc_recall_at_5_std": 0.320433,
        "nauc_recall_at_5_diff1": 0.582587,
        "nauc_recall_at_10_max": 0.825403,
        "nauc_recall_at_10_std": 0.4949,
        "nauc_recall_at_10_diff1": 0.587687,
        "nauc_recall_at_20_max": 0.863316,
        "nauc_recall_at_20_std": 0.617164,
        "nauc_recall_at_20_diff1": 0.603186,
        "nauc_recall_at_100_max": 0.913088,
        "nauc_recall_at_100_std": 0.766422,
        "nauc_recall_at_100_diff1": 0.626276,
        "nauc_recall_at_1000_max": 0.937332,
        "nauc_recall_at_1000_std": 0.870743,
        "nauc_recall_at_1000_diff1": 0.618449,
        "nauc_precision_at_1_max": 0.63511,
        "nauc_precision_at_1_std": 0.262178,
        "nauc_precision_at_1_diff1": 0.6939,
        "nauc_precision_at_3_max": 0.411084,
        "nauc_precision_at_3_std": 0.275198,
        "nauc_precision_at_3_diff1": 0.008293,
        "nauc_precision_at_5_max": 0.344754,
        "nauc_precision_at_5_std": 0.276279,
        "nauc_precision_at_5_diff1": -0.068557,
        "nauc_precision_at_10_max": 0.274392,
        "nauc_precision_at_10_std": 0.313095,
        "nauc_precision_at_10_diff1": -0.121707,
        "nauc_precision_at_20_max": 0.227678,
        "nauc_precision_at_20_std": 0.324745,
        "nauc_precision_at_20_diff1": -0.157817,
        "nauc_precision_at_100_max": 0.162471,
        "nauc_precision_at_100_std": 0.304392,
        "nauc_precision_at_100_diff1": -0.203593,
        "nauc_precision_at_1000_max": 0.033842,
        "nauc_precision_at_1000_std": 0.216153,
        "nauc_precision_at_1000_diff1": -0.306857,
        "nauc_mrr_at_1_max": 0.63511,
        "nauc_mrr_at_1_std": 0.262178,
        "nauc_mrr_at_1_diff1": 0.6939,
        "nauc_mrr_at_3_max": 0.724872,
        "nauc_mrr_at_3_std": 0.357513,
        "nauc_mrr_at_3_diff1": 0.679352,
        "nauc_mrr_at_5_max": 0.724526,
        "nauc_mrr_at_5_std": 0.362557,
        "nauc_mrr_at_5_diff1": 0.682119,
        "nauc_mrr_at_10_max": 0.722712,
        "nauc_mrr_at_10_std": 0.365344,
        "nauc_mrr_at_10_diff1": 0.683209,
        "nauc_mrr_at_20_max": 0.721954,
        "nauc_mrr_at_20_std": 0.364937,
        "nauc_mrr_at_20_diff1": 0.683139,
        "nauc_mrr_at_100_max": 0.721341,
        "nauc_mrr_at_100_std": 0.364447,
        "nauc_mrr_at_100_diff1": 0.683309,
        "nauc_mrr_at_1000_max": 0.721163,
        "nauc_mrr_at_1000_std": 0.364122,
        "nauc_mrr_at_1000_diff1": 0.683252,
        "cv_recall_at_1": 0.75845,
        "cv_recall_at_3": 0.8598,
        "cv_recall_at_5": 0.88176,
        "cv_recall_at_10": 0.90372,
        "cv_recall_at_20": 0.91385,
        "cv_recall_at_100": 0.93919,
        "cv_recall_at_1000": 0.97466,
        "main_score": 0.79554,
        "hf_subset": "default",
        "languages": [
          "kor-Hang"
        ]
      }
    ]
  },
  "evaluation_time": 73.61713433265686,
  "kg_co2_emissions": null
}