{
  "dataset_revision": "fc4624be978945a0ceebbc4b85737258fe26330b",
  "task_name": "XPQARetrieval",
  "mteb_version": "2.8.4",
  "scores": {
    "test": [
      {
        "ndcg_at_1": 0.29358,
        "ndcg_at_3": 0.32605,
        "ndcg_at_5": 0.34699,
        "ndcg_at_10": 0.38136,
        "ndcg_at_20": 0.40139,
        "ndcg_at_100": 0.45502,
        "ndcg_at_1000": 0.47878,
        "map_at_1": 0.20831,
        "map_at_3": 0.29519,
        "map_at_5": 0.31295,
        "map_at_10": 0.32959,
        "map_at_20": 0.33592,
        "map_at_100": 0.34412,
        "map_at_1000": 0.34521,
        "recall_at_1": 0.20831,
        "recall_at_3": 0.3486,
        "recall_at_5": 0.40143,
        "recall_at_10": 0.4963,
        "recall_at_20": 0.56623,
        "recall_at_100": 0.83022,
        "recall_at_1000": 1.0,
        "accuracy": 0.20831,
        "precision_at_1": 0.29358,
        "precision_at_3": 0.18145,
        "precision_at_5": 0.12722,
        "precision_at_10": 0.07905,
        "precision_at_20": 0.04518,
        "precision_at_100": 0.0132,
        "precision_at_1000": 0.00156,
        "mrr_at_1": 0.293578,
        "mrr_at_3": 0.34735,
        "mrr_at_5": 0.357212,
        "mrr_at_10": 0.369636,
        "mrr_at_20": 0.374494,
        "mrr_at_100": 0.380417,
        "mrr_at_1000": 0.381131,
        "nauc_ndcg_at_1_max": 0.212125,
        "nauc_ndcg_at_1_std": -0.28379,
        "nauc_ndcg_at_1_diff1": 0.528593,
        "nauc_ndcg_at_3_max": 0.183142,
        "nauc_ndcg_at_3_std": -0.288892,
        "nauc_ndcg_at_3_diff1": 0.465549,
        "nauc_ndcg_at_5_max": 0.187448,
        "nauc_ndcg_at_5_std": -0.279997,
        "nauc_ndcg_at_5_diff1": 0.474738,
        "nauc_ndcg_at_10_max": 0.198013,
        "nauc_ndcg_at_10_std": -0.280902,
        "nauc_ndcg_at_10_diff1": 0.480082,
        "nauc_ndcg_at_20_max": 0.20583,
        "nauc_ndcg_at_20_std": -0.268819,
        "nauc_ndcg_at_20_diff1": 0.472857,
        "nauc_ndcg_at_100_max": 0.222532,
        "nauc_ndcg_at_100_std": -0.231755,
        "nauc_ndcg_at_100_diff1": 0.464287,
        "nauc_ndcg_at_1000_max": 0.209926,
        "nauc_ndcg_at_1000_std": -0.256548,
        "nauc_ndcg_at_1000_diff1": 0.473137,
        "nauc_map_at_1_max": 0.163437,
        "nauc_map_at_1_std": -0.244084,
        "nauc_map_at_1_diff1": 0.523082,
        "nauc_map_at_3_max": 0.189813,
        "nauc_map_at_3_std": -0.276482,
        "nauc_map_at_3_diff1": 0.466078,
        "nauc_map_at_5_max": 0.191213,
        "nauc_map_at_5_std": -0.277923,
        "nauc_map_at_5_diff1": 0.472551,
        "nauc_map_at_10_max": 0.19544,
        "nauc_map_at_10_std": -0.280472,
        "nauc_map_at_10_diff1": 0.475254,
        "nauc_map_at_20_max": 0.197446,
        "nauc_map_at_20_std": -0.277989,
        "nauc_map_at_20_diff1": 0.473548,
        "nauc_map_at_100_max": 0.198945,
        "nauc_map_at_100_std": -0.272758,
        "nauc_map_at_100_diff1": 0.471961,
        "nauc_map_at_1000_max": 0.198535,
        "nauc_map_at_1000_std": -0.273574,
        "nauc_map_at_1000_diff1": 0.47224,
        "nauc_recall_at_1_max": 0.163437,
        "nauc_recall_at_1_std": -0.244084,
        "nauc_recall_at_1_diff1": 0.523082,
        "nauc_recall_at_3_max": 0.166223,
        "nauc_recall_at_3_std": -0.282928,
        "nauc_recall_at_3_diff1": 0.428939,
        "nauc_recall_at_5_max": 0.16986,
        "nauc_recall_at_5_std": -0.266798,
        "nauc_recall_at_5_diff1": 0.440349,
        "nauc_recall_at_10_max": 0.198244,
        "nauc_recall_at_10_std": -0.264217,
        "nauc_recall_at_10_diff1": 0.45048,
        "nauc_recall_at_20_max": 0.226067,
        "nauc_recall_at_20_std": -0.217767,
        "nauc_recall_at_20_diff1": 0.420312,
        "nauc_recall_at_100_max": 0.37957,
        "nauc_recall_at_100_std": 0.121938,
        "nauc_recall_at_100_diff1": 0.307348,
        "nauc_recall_at_1000_max": NaN,
        "nauc_recall_at_1000_std": NaN,
        "nauc_recall_at_1000_diff1": NaN,
        "nauc_precision_at_1_max": 0.212125,
        "nauc_precision_at_1_std": -0.28379,
        "nauc_precision_at_1_diff1": 0.528593,
        "nauc_precision_at_3_max": 0.192206,
        "nauc_precision_at_3_std": -0.26743,
        "nauc_precision_at_3_diff1": 0.324018,
        "nauc_precision_at_5_max": 0.181425,
        "nauc_precision_at_5_std": -0.250835,
        "nauc_precision_at_5_diff1": 0.321308,
        "nauc_precision_at_10_max": 0.182355,
        "nauc_precision_at_10_std": -0.231324,
        "nauc_precision_at_10_diff1": 0.298927,
        "nauc_precision_at_20_max": 0.183902,
        "nauc_precision_at_20_std": -0.180966,
        "nauc_precision_at_20_diff1": 0.247323,
        "nauc_precision_at_100_max": 0.2081,
        "nauc_precision_at_100_std": 0.056529,
        "nauc_precision_at_100_diff1": 0.078755,
        "nauc_precision_at_1000_max": 0.133921,
        "nauc_precision_at_1000_std": 0.043721,
        "nauc_precision_at_1000_diff1": -0.007871,
        "nauc_mrr_at_1_max": 0.212125,
        "nauc_mrr_at_1_std": -0.28379,
        "nauc_mrr_at_1_diff1": 0.528593,
        "nauc_mrr_at_3_max": 0.19314,
        "nauc_mrr_at_3_std": -0.290083,
        "nauc_mrr_at_3_diff1": 0.497774,
        "nauc_mrr_at_5_max": 0.193569,
        "nauc_mrr_at_5_std": -0.284304,
        "nauc_mrr_at_5_diff1": 0.50036,
        "nauc_mrr_at_10_max": 0.198023,
        "nauc_mrr_at_10_std": -0.28274,
        "nauc_mrr_at_10_diff1": 0.501961,
        "nauc_mrr_at_20_max": 0.199965,
        "nauc_mrr_at_20_std": -0.278897,
        "nauc_mrr_at_20_diff1": 0.499308,
        "nauc_mrr_at_100_max": 0.201929,
        "nauc_mrr_at_100_std": -0.275415,
        "nauc_mrr_at_100_diff1": 0.49912,
        "nauc_mrr_at_1000_max": 0.20142,
        "nauc_mrr_at_1000_std": -0.276262,
        "nauc_mrr_at_1000_diff1": 0.499392,
        "cv_recall_at_1": 0.29358,
        "cv_recall_at_3": 0.41437,
        "cv_recall_at_5": 0.45719,
        "cv_recall_at_10": 0.55199,
        "cv_recall_at_20": 0.62232,
        "cv_recall_at_100": 0.86239,
        "cv_recall_at_1000": 1.0,
        "main_score": 0.38136,
        "hf_subset": "kor-kor",
        "languages": [
          "kor-Hang",
          "kor-Hang"
        ]
      },
      {
        "ndcg_at_1": 0.29664,
        "ndcg_at_3": 0.30992,
        "ndcg_at_5": 0.33237,
        "ndcg_at_10": 0.36795,
        "ndcg_at_20": 0.39502,
        "ndcg_at_100": 0.44816,
        "ndcg_at_1000": 0.4765,
        "map_at_1": 0.17171,
        "map_at_3": 0.25851,
        "map_at_5": 0.28679,
        "map_at_10": 0.30659,
        "map_at_20": 0.31599,
        "map_at_100": 0.32491,
        "map_at_1000": 0.3266,
        "recall_at_1": 0.17171,
        "recall_at_3": 0.31114,
        "recall_at_5": 0.38308,
        "recall_at_10": 0.47018,
        "recall_at_20": 0.56017,
        "recall_at_100": 0.80877,
        "recall_at_1000": 0.99745,
        "accuracy": 0.17171,
        "precision_at_1": 0.29664,
        "precision_at_3": 0.20031,
        "precision_at_5": 0.15505,
        "precision_at_10": 0.09771,
        "precision_at_20": 0.0578,
        "precision_at_100": 0.01621,
        "precision_at_1000": 0.00195,
        "mrr_at_1": 0.296636,
        "mrr_at_3": 0.351172,
        "mrr_at_5": 0.365851,
        "mrr_at_10": 0.376627,
        "mrr_at_20": 0.383045,
        "mrr_at_100": 0.388156,
        "mrr_at_1000": 0.388908,
        "nauc_ndcg_at_1_max": 0.042655,
        "nauc_ndcg_at_1_std": -0.319194,
        "nauc_ndcg_at_1_diff1": 0.46562,
        "nauc_ndcg_at_3_max": 0.03055,
        "nauc_ndcg_at_3_std": -0.328153,
        "nauc_ndcg_at_3_diff1": 0.396452,
        "nauc_ndcg_at_5_max": 0.031169,
        "nauc_ndcg_at_5_std": -0.327869,
        "nauc_ndcg_at_5_diff1": 0.390368,
        "nauc_ndcg_at_10_max": 0.034653,
        "nauc_ndcg_at_10_std": -0.323776,
        "nauc_ndcg_at_10_diff1": 0.38116,
        "nauc_ndcg_at_20_max": 0.030127,
        "nauc_ndcg_at_20_std": -0.32476,
        "nauc_ndcg_at_20_diff1": 0.3791,