{
  "dataset_revision": "fd7df84ac089bbec763b1c6bb1b56e985df5cc5c",
  "task_name": "AutoRAGRetrieval",
  "mteb_version": "2.8.4",
  "scores": {
    "test": [
      {
        "ndcg_at_1": 0.67544,
        "ndcg_at_3": 0.79031,
        "ndcg_at_5": 0.81637,
        "ndcg_at_10": 0.83008,
        "ndcg_at_20": 0.83656,
        "ndcg_at_100": 0.83656,
        "ndcg_at_1000": 0.83656,
        "map_at_1": 0.67544,
        "map_at_3": 0.76316,
        "map_at_5": 0.77807,
        "map_at_10": 0.78346,
        "map_at_20": 0.78514,
        "map_at_100": 0.78514,
        "map_at_1000": 0.78514,
        "recall_at_1": 0.67544,
        "recall_at_3": 0.86842,
        "recall_at_5": 0.92982,
        "recall_at_10": 0.97368,
        "recall_at_20": 1.0,
        "recall_at_100": 1.0,
        "recall_at_1000": 1.0,
        "accuracy": 0.67544,
        "precision_at_1": 0.67544,
        "precision_at_3": 0.28947,
        "precision_at_5": 0.18596,
        "precision_at_10": 0.09737,
        "precision_at_20": 0.05,
        "precision_at_100": 0.01,
        "precision_at_1000": 0.001,
        "mrr_at_1": 0.675439,
        "mrr_at_3": 0.763158,
        "mrr_at_5": 0.77807,
        "mrr_at_10": 0.783455,
        "mrr_at_20": 0.785136,
        "mrr_at_100": 0.785136,
        "mrr_at_1000": 0.785136,
        "nauc_ndcg_at_1_max": 0.33617,
        "nauc_ndcg_at_1_std": -0.401405,
        "nauc_ndcg_at_1_diff1": 0.74582,
        "nauc_ndcg_at_3_max": 0.481889,
        "nauc_ndcg_at_3_std": -0.336896,
        "nauc_ndcg_at_3_diff1": 0.752948,
        "nauc_ndcg_at_5_max": 0.462292,
        "nauc_ndcg_at_5_std": -0.35576,
        "nauc_ndcg_at_5_diff1": 0.740194,
        "nauc_ndcg_at_10_max": 0.429156,
        "nauc_ndcg_at_10_std": -0.411789,
        "nauc_ndcg_at_10_diff1": 0.745815,
        "nauc_ndcg_at_20_max": 0.420569,
        "nauc_ndcg_at_20_std": -0.383848,
        "nauc_ndcg_at_20_diff1": 0.745927,
        "nauc_ndcg_at_100_max": 0.420569,
        "nauc_ndcg_at_100_std": -0.383848,
        "nauc_ndcg_at_100_diff1": 0.745927,
        "nauc_ndcg_at_1000_max": 0.420569,
        "nauc_ndcg_at_1000_std": -0.383848,
        "nauc_ndcg_at_1000_diff1": 0.745927,
        "nauc_map_at_1_max": 0.33617,
        "nauc_map_at_1_std": -0.401405,
        "nauc_map_at_1_diff1": 0.74582,
        "nauc_map_at_3_max": 0.437355,
        "nauc_map_at_3_std": -0.360017,
        "nauc_map_at_3_diff1": 0.75044,
        "nauc_map_at_5_max": 0.4249,
        "nauc_map_at_5_std": -0.370348,
        "nauc_map_at_5_diff1": 0.744009,
        "nauc_map_at_10_max": 0.414008,
        "nauc_map_at_10_std": -0.389355,
        "nauc_map_at_10_diff1": 0.746112,
        "nauc_map_at_20_max": 0.412122,
        "nauc_map_at_20_std": -0.383606,
        "nauc_map_at_20_diff1": 0.74612,
        "nauc_map_at_100_max": 0.412122,
        "nauc_map_at_100_std": -0.383606,
        "nauc_map_at_100_diff1": 0.74612,
        "nauc_map_at_1000_max": 0.412122,
        "nauc_map_at_1000_std": -0.383606,
        "nauc_map_at_1000_diff1": 0.74612,
        "nauc_recall_at_1_max": 0.33617,
        "nauc_recall_at_1_std": -0.401405,
        "nauc_recall_at_1_diff1": 0.74582,
        "nauc_recall_at_3_max": 0.690557,
        "nauc_recall_at_3_std": -0.226181,
        "nauc_recall_at_3_diff1": 0.764931,
        "nauc_recall_at_5_max": 0.751096,
        "nauc_recall_at_5_std": -0.243812,
        "nauc_recall_at_5_diff1": 0.70643,
        "nauc_recall_at_10_max": 0.61488,
        "nauc_recall_at_10_std": -1.024258,
        "nauc_recall_at_10_diff1": 0.742439,
        "nauc_recall_at_20_max": NaN,
        "nauc_recall_at_20_std": NaN,
        "nauc_recall_at_20_diff1": NaN,
        "nauc_recall_at_100_max": NaN,
        "nauc_recall_at_100_std": NaN,
        "nauc_recall_at_100_diff1": NaN,
        "nauc_recall_at_1000_max": NaN,
        "nauc_recall_at_1000_std": NaN,
        "nauc_recall_at_1000_diff1": NaN,
        "nauc_precision_at_1_max": 0.33617,
        "nauc_precision_at_1_std": -0.401405,
        "nauc_precision_at_1_diff1": 0.74582,
        "nauc_precision_at_3_max": 0.690557,
        "nauc_precision_at_3_std": -0.226181,
        "nauc_precision_at_3_diff1": 0.764931,
        "nauc_precision_at_5_max": 0.751096,
        "nauc_precision_at_5_std": -0.243812,
        "nauc_precision_at_5_diff1": 0.70643,
        "nauc_precision_at_10_max": 0.61488,
        "nauc_precision_at_10_std": -1.024258,
        "nauc_precision_at_10_diff1": 0.742439,
        "nauc_precision_at_20_max": 1.0,
        "nauc_precision_at_20_std": 1.0,
        "nauc_precision_at_20_diff1": 1.0,
        "nauc_precision_at_100_max": 1.0,
        "nauc_precision_at_100_std": 1.0,
        "nauc_precision_at_100_diff1": 1.0,
        "nauc_precision_at_1000_max": 1.0,
        "nauc_precision_at_1000_std": 1.0,
        "nauc_precision_at_1000_diff1": 1.0,
        "nauc_mrr_at_1_max": 0.33617,
        "nauc_mrr_at_1_std": -0.401405,
        "nauc_mrr_at_1_diff1": 0.74582,
        "nauc_mrr_at_3_max": 0.437355,
        "nauc_mrr_at_3_std": -0.360017,
        "nauc_mrr_at_3_diff1": 0.75044,
        "nauc_mrr_at_5_max": 0.4249,
        "nauc_mrr_at_5_std": -0.370348,
        "nauc_mrr_at_5_diff1": 0.744009,
        "nauc_mrr_at_10_max": 0.414008,
        "nauc_mrr_at_10_std": -0.389355,
        "nauc_mrr_at_10_diff1": 0.746112,
        "nauc_mrr_at_20_max": 0.412122,
        "nauc_mrr_at_20_std": -0.383606,
        "nauc_mrr_at_20_diff1": 0.74612,
        "nauc_mrr_at_100_max": 0.412122,
        "nauc_mrr_at_100_std": -0.383606,
        "nauc_mrr_at_100_diff1": 0.74612,
        "nauc_mrr_at_1000_max": 0.412122,
        "nauc_mrr_at_1000_std": -0.383606,
        "nauc_mrr_at_1000_diff1": 0.74612,
        "cv_recall_at_1": 0.67544,
        "cv_recall_at_3": 0.86842,
        "cv_recall_at_5": 0.92982,
        "cv_recall_at_10": 0.97368,
        "cv_recall_at_20": 1.0,
        "cv_recall_at_100": 1.0,
        "cv_recall_at_1000": 1.0,
        "main_score": 0.83008,
        "hf_subset": "default",
        "languages": [
          "kor-Hang"
        ]
      }
    ]
  },
  "evaluation_time": 15.265729665756226,
  "kg_co2_emissions": null
}