{
  "dataset_revision": "d243889a3eb6654029dbd7e7f9319ae31d58f97c",
  "task_name": "Ko-StrategyQA",
  "mteb_version": "2.8.4",
  "scores": {
    "dev": [
      {
        "ndcg_at_1": 0.75676,
        "ndcg_at_3": 0.74791,
        "ndcg_at_5": 0.77754,
        "ndcg_at_10": 0.79405,
        "ndcg_at_20": 0.80262,
        "ndcg_at_100": 0.81099,
        "ndcg_at_1000": 0.81923,
        "map_at_1": 0.49267,
        "map_at_3": 0.71019,
        "map_at_5": 0.73924,
        "map_at_10": 0.75068,
        "map_at_20": 0.75396,
        "map_at_100": 0.75582,
        "map_at_1000": 0.7562,
        "recall_at_1": 0.49267,
        "recall_at_3": 0.75176,
        "recall_at_5": 0.81346,
        "recall_at_10": 0.85203,
        "recall_at_20": 0.87883,
        "recall_at_100": 0.9141,
        "recall_at_1000": 0.96796,
        "accuracy": 0.49267,
        "precision_at_1": 0.75676,
        "precision_at_3": 0.44313,
        "precision_at_5": 0.29493,
        "precision_at_10": 0.15743,
        "precision_at_20": 0.08184,
        "precision_at_100": 0.0172,
        "precision_at_1000": 0.00184,
        "mrr_at_1": 0.756757,
        "mrr_at_3": 0.802646,
        "mrr_at_5": 0.809065,
        "mrr_at_10": 0.811159,
        "mrr_at_20": 0.81238,
        "mrr_at_100": 0.812982,
        "mrr_at_1000": 0.813118,
        "nauc_ndcg_at_1_max": 0.600441,
        "nauc_ndcg_at_1_std": 0.307474,
        "nauc_ndcg_at_1_diff1": 0.733565,
        "nauc_ndcg_at_3_max": 0.609273,
        "nauc_ndcg_at_3_std": 0.259343,
        "nauc_ndcg_at_3_diff1": 0.605401,
        "nauc_ndcg_at_5_max": 0.650991,
        "nauc_ndcg_at_5_std": 0.302374,
        "nauc_ndcg_at_5_diff1": 0.623842,
        "nauc_ndcg_at_10_max": 0.677902,
        "nauc_ndcg_at_10_std": 0.36017,
        "nauc_ndcg_at_10_diff1": 0.630289,
        "nauc_ndcg_at_20_max": 0.677606,
        "nauc_ndcg_at_20_std": 0.370274,
        "nauc_ndcg_at_20_diff1": 0.62861,
        "nauc_ndcg_at_100_max": 0.677034,
        "nauc_ndcg_at_100_std": 0.378996,
        "nauc_ndcg_at_100_diff1": 0.636028,
        "nauc_ndcg_at_1000_max": 0.666015,
        "nauc_ndcg_at_1000_std": 0.361927,
        "nauc_ndcg_at_1000_diff1": 0.633882,
        "nauc_map_at_1_max": 0.277263,
        "nauc_map_at_1_std": 0.044685,
        "nauc_map_at_1_diff1": 0.660615,
        "nauc_map_at_3_max": 0.560523,
        "nauc_map_at_3_std": 0.211217,
        "nauc_map_at_3_diff1": 0.591667,
        "nauc_map_at_5_max": 0.597722,
        "nauc_map_at_5_std": 0.239994,
        "nauc_map_at_5_diff1": 0.601283,
        "nauc_map_at_10_max": 0.614741,
        "nauc_map_at_10_std": 0.274411,
        "nauc_map_at_10_diff1": 0.605745,
        "nauc_map_at_20_max": 0.614699,
        "nauc_map_at_20_std": 0.277683,
        "nauc_map_at_20_diff1": 0.605132,
        "nauc_map_at_100_max": 0.614912,
        "nauc_map_at_100_std": 0.279105,
        "nauc_map_at_100_diff1": 0.607498,
        "nauc_map_at_1000_max": 0.61446,
        "nauc_map_at_1000_std": 0.278463,
        "nauc_map_at_1000_diff1": 0.607394,
        "nauc_recall_at_1_max": 0.277263,
        "nauc_recall_at_1_std": 0.044685,
        "nauc_recall_at_1_diff1": 0.660615,
        "nauc_recall_at_3_max": 0.61958,
        "nauc_recall_at_3_std": 0.253023,
        "nauc_recall_at_3_diff1": 0.554979,
        "nauc_recall_at_5_max": 0.71355,
        "nauc_recall_at_5_std": 0.350472,
        "nauc_recall_at_5_diff1": 0.584424,
        "nauc_recall_at_10_max": 0.802888,
        "nauc_recall_at_10_std": 0.528058,
        "nauc_recall_at_10_diff1": 0.594329,
        "nauc_recall_at_20_max": 0.830806,
        "nauc_recall_at_20_std": 0.617208,
        "nauc_recall_at_20_diff1": 0.58174,
        "nauc_recall_at_100_max": 0.885921,
        "nauc_recall_at_100_std": 0.792513,
        "nauc_recall_at_100_diff1": 0.62079,
        "nauc_recall_at_1000_max": 0.889395,
        "nauc_recall_at_1000_std": 0.908942,
        "nauc_recall_at_1000_diff1": 0.551137,
        "nauc_precision_at_1_max": 0.600441,
        "nauc_precision_at_1_std": 0.307474,
        "nauc_precision_at_1_diff1": 0.733565,
        "nauc_precision_at_3_max": 0.391399,
        "nauc_precision_at_3_std": 0.265195,
        "nauc_precision_at_3_diff1": -0.003351,
        "nauc_precision_at_5_max": 0.326481,
        "nauc_precision_at_5_std": 0.255205,
        "nauc_precision_at_5_diff1": -0.081053,
        "nauc_precision_at_10_max": 0.283033,
        "nauc_precision_at_10_std": 0.304427,
        "nauc_precision_at_10_diff1": -0.136417,
        "nauc_precision_at_20_max": 0.232632,
        "nauc_precision_at_20_std": 0.29118,
        "nauc_precision_at_20_diff1": -0.188105,
        "nauc_precision_at_100_max": 0.157376,
        "nauc_precision_at_100_std": 0.265905,
        "nauc_precision_at_100_diff1": -0.233522,
        "nauc_precision_at_1000_max": 0.008245,
        "nauc_precision_at_1000_std": 0.152645,
        "nauc_precision_at_1000_diff1": -0.359906,
        "nauc_mrr_at_1_max": 0.600441,
        "nauc_mrr_at_1_std": 0.307474,
        "nauc_mrr_at_1_diff1": 0.733565,
        "nauc_mrr_at_3_max": 0.689148,
        "nauc_mrr_at_3_std": 0.383962,
        "nauc_mrr_at_3_diff1": 0.718659,
        "nauc_mrr_at_5_max": 0.68888,
        "nauc_mrr_at_5_std": 0.393369,
        "nauc_mrr_at_5_diff1": 0.720973,
        "nauc_mrr_at_10_max": 0.689744,
        "nauc_mrr_at_10_std": 0.397026,
        "nauc_mrr_at_10_diff1": 0.720832,
        "nauc_mrr_at_20_max": 0.688337,
        "nauc_mrr_at_20_std": 0.397244,
        "nauc_mrr_at_20_diff1": 0.72063,
        "nauc_mrr_at_100_max": 0.687711,
        "nauc_mrr_at_100_std": 0.397127,
        "nauc_mrr_at_100_diff1": 0.720422,
        "nauc_mrr_at_1000_max": 0.687492,
        "nauc_mrr_at_1000_std": 0.396741,
        "nauc_mrr_at_1000_diff1": 0.720408,
        "cv_recall_at_1": 0.75676,
        "cv_recall_at_3": 0.85473,
        "cv_recall_at_5": 0.88345,
        "cv_recall_at_10": 0.89865,
        "cv_recall_at_20": 0.91723,
        "cv_recall_at_100": 0.94426,
        "cv_recall_at_1000": 0.98818,
        "main_score": 0.79405,
        "hf_subset": "default",
        "languages": [
          "kor-Hang"
        ]
      }
    ]
  },
  "evaluation_time": 73.48107194900513,
  "kg_co2_emissions": null
}