{
  "dataset_revision": "fc4624be978945a0ceebbc4b85737258fe26330b",
  "task_name": "XPQARetrieval",
  "mteb_version": "2.8.4",
  "scores": {
    "test": [
      {
        "ndcg_at_1": 0.29969,
        "ndcg_at_3": 0.30883,
        "ndcg_at_5": 0.33189,
        "ndcg_at_10": 0.36091,
        "ndcg_at_20": 0.38694,
        "ndcg_at_100": 0.43817,
        "ndcg_at_1000": 0.46567,
        "map_at_1": 0.20971,
        "map_at_3": 0.27965,
        "map_at_5": 0.29831,
        "map_at_10": 0.31286,
        "map_at_20": 0.3208,
        "map_at_100": 0.32865,
        "map_at_1000": 0.32985,
        "recall_at_1": 0.20971,
        "recall_at_3": 0.32164,
        "recall_at_5": 0.37683,
        "recall_at_10": 0.4565,
        "recall_at_20": 0.55059,
        "recall_at_100": 0.80196,
        "recall_at_1000": 1.0,
        "accuracy": 0.20971,
        "precision_at_1": 0.29969,
        "precision_at_3": 0.16769,
        "precision_at_5": 0.12018,
        "precision_at_10": 0.07339,
        "precision_at_20": 0.04373,
        "precision_at_100": 0.01275,
        "precision_at_1000": 0.00156,
        "mrr_at_1": 0.299694,
        "mrr_at_3": 0.340979,
        "mrr_at_5": 0.352829,
        "mrr_at_10": 0.362128,
        "mrr_at_20": 0.368402,
        "mrr_at_100": 0.373958,
        "mrr_at_1000": 0.374754,
        "nauc_ndcg_at_1_max": 0.156727,
        "nauc_ndcg_at_1_std": -0.278019,
        "nauc_ndcg_at_1_diff1": 0.473975,
        "nauc_ndcg_at_3_max": 0.16215,
        "nauc_ndcg_at_3_std": -0.276904,
        "nauc_ndcg_at_3_diff1": 0.439974,
        "nauc_ndcg_at_5_max": 0.162845,
        "nauc_ndcg_at_5_std": -0.275375,
        "nauc_ndcg_at_5_diff1": 0.432379,
        "nauc_ndcg_at_10_max": 0.177346,
        "nauc_ndcg_at_10_std": -0.266115,
        "nauc_ndcg_at_10_diff1": 0.439752,
        "nauc_ndcg_at_20_max": 0.182264,
        "nauc_ndcg_at_20_std": -0.263194,
        "nauc_ndcg_at_20_diff1": 0.43599,
        "nauc_ndcg_at_100_max": 0.199373,
        "nauc_ndcg_at_100_std": -0.223571,
        "nauc_ndcg_at_100_diff1": 0.430541,
        "nauc_ndcg_at_1000_max": 0.186625,
        "nauc_ndcg_at_1000_std": -0.247219,
        "nauc_ndcg_at_1000_diff1": 0.436527,
        "nauc_map_at_1_max": 0.133269,
        "nauc_map_at_1_std": -0.245048,
        "nauc_map_at_1_diff1": 0.475095,
        "nauc_map_at_3_max": 0.168109,
        "nauc_map_at_3_std": -0.269264,
        "nauc_map_at_3_diff1": 0.439429,
        "nauc_map_at_5_max": 0.164363,
        "nauc_map_at_5_std": -0.273291,
        "nauc_map_at_5_diff1": 0.431748,
        "nauc_map_at_10_max": 0.17139,
        "nauc_map_at_10_std": -0.271216,
        "nauc_map_at_10_diff1": 0.436608,
        "nauc_map_at_20_max": 0.173331,
        "nauc_map_at_20_std": -0.271112,
        "nauc_map_at_20_diff1": 0.43694,
        "nauc_map_at_100_max": 0.175403,
        "nauc_map_at_100_std": -0.265326,
        "nauc_map_at_100_diff1": 0.43592,
        "nauc_map_at_1000_max": 0.175028,
        "nauc_map_at_1000_std": -0.266147,
        "nauc_map_at_1000_diff1": 0.435961,
        "nauc_recall_at_1_max": 0.133269,
        "nauc_recall_at_1_std": -0.245048,
        "nauc_recall_at_1_diff1": 0.475095,
        "nauc_recall_at_3_max": 0.156573,
        "nauc_recall_at_3_std": -0.269571,
        "nauc_recall_at_3_diff1": 0.414058,
        "nauc_recall_at_5_max": 0.154122,
        "nauc_recall_at_5_std": -0.265807,
        "nauc_recall_at_5_diff1": 0.390404,
        "nauc_recall_at_10_max": 0.191278,
        "nauc_recall_at_10_std": -0.234368,
        "nauc_recall_at_10_diff1": 0.402188,
        "nauc_recall_at_20_max": 0.205766,
        "nauc_recall_at_20_std": -0.222653,
        "nauc_recall_at_20_diff1": 0.380136,
        "nauc_recall_at_100_max": 0.338408,
        "nauc_recall_at_100_std": 0.079282,
        "nauc_recall_at_100_diff1": 0.307825,
        "nauc_recall_at_1000_max": NaN,
        "nauc_recall_at_1000_std": NaN,
        "nauc_recall_at_1000_diff1": NaN,
        "nauc_precision_at_1_max": 0.156727,
        "nauc_precision_at_1_std": -0.278019,
        "nauc_precision_at_1_diff1": 0.473975,
        "nauc_precision_at_3_max": 0.179598,
        "nauc_precision_at_3_std": -0.256704,
        "nauc_precision_at_3_diff1": 0.33621,
        "nauc_precision_at_5_max": 0.153069,
        "nauc_precision_at_5_std": -0.24677,
        "nauc_precision_at_5_diff1": 0.291882,
        "nauc_precision_at_10_max": 0.163074,
        "nauc_precision_at_10_std": -0.2186,
        "nauc_precision_at_10_diff1": 0.283906,
        "nauc_precision_at_20_max": 0.163534,
        "nauc_precision_at_20_std": -0.18652,
        "nauc_precision_at_20_diff1": 0.248165,
        "nauc_precision_at_100_max": 0.205232,
        "nauc_precision_at_100_std": 0.064007,
        "nauc_precision_at_100_diff1": 0.108033,
        "nauc_precision_at_1000_max": 0.127007,
        "nauc_precision_at_1000_std": 0.071194,
        "nauc_precision_at_1000_diff1": -1.1e-05,
        "nauc_mrr_at_1_max": 0.156727,
        "nauc_mrr_at_1_std": -0.278019,
        "nauc_mrr_at_1_diff1": 0.473975,
        "nauc_mrr_at_3_max": 0.160312,
        "nauc_mrr_at_3_std": -0.277203,
        "nauc_mrr_at_3_diff1": 0.46247,
        "nauc_mrr_at_5_max": 0.163412,
        "nauc_mrr_at_5_std": -0.27569,
        "nauc_mrr_at_5_diff1": 0.461108,
        "nauc_mrr_at_10_max": 0.168771,
        "nauc_mrr_at_10_std": -0.268941,
        "nauc_mrr_at_10_diff1": 0.462434,
        "nauc_mrr_at_20_max": 0.170076,
        "nauc_mrr_at_20_std": -0.267319,
        "nauc_mrr_at_20_diff1": 0.46043,
        "nauc_mrr_at_100_max": 0.171576,
        "nauc_mrr_at_100_std": -0.263792,
        "nauc_mrr_at_100_diff1": 0.460045,
        "nauc_mrr_at_1000_max": 0.170944,
        "nauc_mrr_at_1000_std": -0.264766,
        "nauc_mrr_at_1000_diff1": 0.460266,
        "cv_recall_at_1": 0.29969,
        "cv_recall_at_3": 0.39297,
        "cv_recall_at_5": 0.44343,
        "cv_recall_at_10": 0.51529,
        "cv_recall_at_20": 0.61009,
        "cv_recall_at_100": 0.83639,
        "cv_recall_at_1000": 1.0,
        "main_score": 0.36091,
        "hf_subset": "kor-kor",
        "languages": [
          "kor-Hang",
          "kor-Hang"
        ]
      },
      {
        "ndcg_at_1": 0.25994,
        "ndcg_at_3": 0.28859,
        "ndcg_at_5": 0.3113,
        "ndcg_at_10": 0.34175,
        "ndcg_at_20": 0.36712,
        "ndcg_at_100": 0.42438,
        "ndcg_at_1000": 0.45501,
        "map_at_1": 0.15329,
        "map_at_3": 0.23869,
        "map_at_5": 0.26621,
        "map_at_10": 0.2824,
        "map_at_20": 0.29113,
        "map_at_100": 0.30042,
        "map_at_1000": 0.30233,
        "recall_at_1": 0.15329,
        "recall_at_3": 0.29177,
        "recall_at_5": 0.3646,
        "recall_at_10": 0.43945,
        "recall_at_20": 0.52339,
        "recall_at_100": 0.79475,
        "recall_at_1000": 0.99592,
        "accuracy": 0.15329,
        "precision_at_1": 0.25994,
        "precision_at_3": 0.19113,
        "precision_at_5": 0.14648,
        "precision_at_10": 0.09113,
        "precision_at_20": 0.05413,
        "precision_at_100": 0.0158,
        "precision_at_1000": 0.00195,
        "mrr_at_1": 0.259939,
        "mrr_at_3": 0.324669,
        "mrr_at_5": 0.338736,
        "mrr_at_10": 0.34862,
        "mrr_at_20": 0.353928,
        "mrr_at_100": 0.359879,
        "mrr_at_1000": 0.360582,
        "nauc_ndcg_at_1_max": 0.057148,
        "nauc_ndcg_at_1_std": -0.331061,
        "nauc_ndcg_at_1_diff1": 0.49327,
        "nauc_ndcg_at_3_max": 0.013337,
        "nauc_ndcg_at_3_std": -0.327418,
        "nauc_ndcg_at_3_diff1": 0.395851,
        "nauc_ndcg_at_5_max": 0.004521,
        "nauc_ndcg_at_5_std": -0.338065,
        "nauc_ndcg_at_5_diff1": 0.387928,
        "nauc_ndcg_at_10_max": 0.007439,
        "nauc_ndcg_at_10_std": -0.334236,
        "nauc_ndcg_at_10_diff1": 0.389336,
        "nauc_ndcg_at_20_max": 0.005347,
        "nauc_ndcg_at_20_std": -0.333476,
        "nauc_ndcg_at_20_diff1": 0.382399,